order_num,order_date,order_year,order_month,order_time,store_id,product_code,order_qty,unit_price,order_total,customer_id
ORD0241,2013/02/25,2025,2,10:45:00,ST003,CLO001,5,25,125,1017
ORD1296,2016/09/25,2025,9,5:43:45,ST004,CLO001,5,25,125,1009
ORD0240,2024/04/25,2025,4,5:38:19,ST006,CLO001,4,25,100,1020
ORD0708,2012/11/24,2024,11,0:29:41,ST008,CLO001,1,1500,1500,1015
ORD1219,2026/06/25,2025,6,21:00:42,ST008,CLO001,5,100,500,1015
ORD1217,2029/07/25,2025,7,17:45:34,ST011,CLO001,5,25,125,1010
ORD0006,2001/02/25,2025,2,3:46:55,ST013,CLO001,1,25,25,1008
ORD0017,2016/05/25,2025,5,7:13:14,ST013,CLO001,1,25,25,1007
ORD0536,2024/04/25,2025,4,17:57:06,ST014,CLO001,5,25,125,1036
ORD0391,2007/07/25,2025,7,21:20:44,ST019,CLO001,2,1200,2400,1034
ORD0051,2011/04/25,2025,4,7:15:23,ST022,CLO001,1,25,25,1002
ORD0266,2026/08/25,2025,8,7:27:22,ST022,CLO001,4,25,100,1001
ORD0209,2003/09/25,2025,9,4:56:30,ST028,CLO001,4,25,100,1030
ORD0902,2005/08/25,2025,8,14:07:43,ST029,CLO001,1,45,45,1016
ORD0645,2005/11/24,2024,11,19:28:18,ST003,CLO002,3,60,180,1018
ORD0943,2002/04/25,2025,4,19:13:34,ST004,CLO002,2,60,120,1009
ORD1236,2020/09/25,2025,9,6:40:08,ST005,CLO002,4,60,240,1019
ORD0678,2021/07/25,2025,7,0:37:04,ST006,CLO002,5,60,300,1020
ORD0726,2006/02/25,2025,2,2:30:37,ST011,CLO002,2,60,120,1010
ORD0610,2004/10/24,2024,10,1:37:23,ST013,CLO002,2,60,120,1007
ORD0254,2026/05/25,2025,5,9:47:14,ST013,CLO002,4,60,240,1007
ORD0498,2015/08/25,2025,8,0:40:24,ST013,CLO002,4,60,240,1008
ORD1036,2019/01/25,2025,1,17:22:59,ST015,CLO002,1,60,60,1011
ORD0848,2008/10/24,2024,10,17:48:36,ST022,CLO002,1,60,60,1002
ORD0538,2028/10/24,2024,10,2:08:46,ST022,CLO002,2,60,120,1002
ORD0702,2004/01/25,2025,1,20:02:30,ST022,CLO002,4,60,240,1001
ORD0309,1930/06/25,2025,6,10:13:37,ST022,CLO002,3,60,180,1001
ORD1237,2028/08/25,2025,8,21:05:24,ST031,CLO002,2,60,120,1032
ORD0225,1931/10/24,2024,10,13:38:14,ST003,CLO003,4,45,180,1017
ORD1238,2014/02/25,2025,2,20:32:10,ST003,CLO003,2,45,90,1017
ORD0229,2011/06/25,2025,6,16:23:11,ST004,CLO003,5,45,225,1009
ORD0463,2004/02/25,2025,2,8:55:35,ST011,CLO003,4,45,180,1010
ORD1031,2023/07/25,2025,7,13:16:56,ST011,CLO003,3,45,135,1010
ORD0398,2027/07/25,2025,7,13:21:41,ST011,CLO003,2,45,90,1010
ORD1048,2020/04/25,2025,4,19:42:36,ST013,CLO003,3,45,135,1007
ORD1005,2003/04/25,2025,4,15:34:27,ST020,CLO003,2,45,90,1003
ORD0421,2016/10/24,2024,10,8:01:35,ST022,CLO003,5,45,225,1001
ORD0721,2020/02/25,2025,2,11:07:51,ST022,CLO003,3,45,135,1002
ORD1091,2014/03/25,2025,3,1:57:21,ST022,CLO003,5,45,225,1001
ORD0190,2019/04/25,2025,4,5:00:16,ST022,CLO003,5,45,225,1001
ORD0795,2024/11/24,2024,11,5:40:46,ST003,CLO004,5,40,200,1017
ORD0475,2013/06/25,2025,6,12:07:35,ST003,CLO004,5,40,200,1017
ORD0297,2020/06/25,2025,6,18:28:53,ST015,CLO004,3,40,120,1011
ORD0413,2022/09/25,2025,9,5:57:53,ST020,CLO004,5,40,200,1004
ORD0545,2005/09/25,2025,9,5:04:17,ST023,CLO004,1,40,40,1026
ORD0439,2029/11/24,2024,11,10:54:38,ST031,CLO004,3,40,120,1032
ORD0963,2027/06/25,2025,6,8:35:26,ST003,CLO005,3,80,240,1017
ORD0177,2011/10/24,2024,10,8:50:25,ST004,CLO005,3,80,240,1009
ORD0921,2009/03/25,2025,3,16:35:47,ST004,CLO005,1,80,80,1009
ORD1013,2019/06/25,2025,6,7:38:08,ST004,CLO005,5,80,400,1009
ORD0312,2014/01/25,2025,1,20:59:10,ST006,CLO005,2,80,160,1020
ORD1257,2029/06/25,2025,6,23:44:28,ST007,CLO005,1,80,80,1021
ORD0323,2027/12/24,2024,12,19:30:17,ST010,CLO005,2,80,160,1023
ORD0465,2021/10/24,2024,10,13:22:04,ST013,CLO005,5,80,400,1008
ORD1009,2006/11/24,2024,11,2:37:17,ST013,CLO005,1,80,80,1007
ORD0112,2020/11/24,2024,11,3:06:33,ST015,CLO005,1,80,80,1011
ORD0477,2004/07/25,2025,7,1:38:03,ST020,CLO005,5,80,400,1003
ORD0184,2011/12/24,2024,12,7:58:26,ST027,CLO005,1,80,80,1029
ORD0193,2006/12/24,2024,12,12:57:35,ST030,CLO005,1,80,80,1038
ORD0541,2014/04/25,2025,4,23:12:11,ST031,CLO005,5,80,400,1031
ORD1026,2015/06/25,2025,6,18:32:58,ST002,CLO006,4,100,400,1013
ORD0892,2025/05/25,2025,5,18:29:19,ST003,CLO006,4,100,400,1017
ORD0974,2011/10/24,2024,10,16:57:52,ST004,CLO006,5,100,500,1009
ORD0946,2022/02/25,2025,2,12:33:04,ST004,CLO006,3,100,300,1009
ORD0362,2017/04/25,2025,4,7:26:06,ST004,CLO006,3,100,300,1009
ORD0476,2026/06/25,2025,6,19:38:14,ST004,CLO006,1,100,100,1009
ORD0139,2002/04/25,2025,4,3:26:07,ST008,CLO006,2,35,70,1015
ORD1033,2004/04/25,2025,4,10:02:36,ST015,CLO006,1,100,100,1011
ORD0947,2020/04/25,2025,4,1:44:34,ST015,CLO006,2,100,200,1011
ORD0639,2026/04/25,2025,4,10:54:58,ST015,CLO006,4,100,400,1011
ORD1061,2029/06/25,2025,6,17:46:08,ST015,CLO006,3,100,300,1011
ORD1029,2026/10/24,2024,10,1:50:21,ST020,CLO006,1,100,100,1003
ORD1258,2006/04/25,2025,4,12:52:30,ST020,CLO006,5,100,500,1003
ORD0978,2001/04/25,2025,4,11:47:29,ST029,CLO006,2,22,44,1016
ORD0213,2024/10/24,2024,10,0:24:10,ST007,CLO007,1,20,20,1021
ORD0159,2015/07/25,2025,7,21:14:02,ST007,CLO007,1,20,20,1021
ORD0298,2004/02/25,2025,2,11:57:24,ST011,CLO007,4,20,80,1010
ORD1210,2003/06/25,2025,6,5:49:24,ST011,CLO007,1,20,20,1010
ORD0414,2006/09/25,2025,9,22:08:02,ST013,CLO007,1,20,20,1007
ORD0016,2004/02/25,2025,2,3:30:33,ST021,CLO007,3,20,60,1025
ORD0374,2021/11/24,2024,11,10:51:28,ST031,CLO007,1,20,20,1033
ORD1062,2001/12/24,2024,12,12:29:42,ST031,CLO007,2,20,40,1032
ORD0406,2017/07/25,2025,7,8:36:15,ST031,CLO007,1,20,20,1032
ORD0226,2014/09/25,2025,9,16:45:11,ST031,CLO007,4,20,80,1032
ORD1211,2010/08/25,2025,8,8:48:41,ST004,CLO008,2,15,30,1009
ORD0187,2002/11/24,2024,11,7:00:45,ST009,CLO008,3,15,45,1022
ORD0201,2026/11/24,2024,11,12:05:03,ST009,CLO008,2,15,30,1022
ORD0419,2021/03/25,2025,3,0:10:22,ST009,CLO008,4,15,60,1022
ORD0740,2001/09/25,2025,9,18:27:54,ST010,CLO008,4,15,60,1023
ORD0338,2016/12/24,2024,12,15:28:13,ST013,CLO008,1,15,15,1008
ORD0145,2009/01/25,2025,1,3:29:16,ST019,CLO008,4,1500,6000,1035
ORD0630,2010/03/25,2025,3,7:49:35,ST020,CLO008,4,15,60,1003
ORD1205,2011/12/24,2024,12,2:45:59,ST022,CLO008,5,15,75,1001
ORD0265,2012/04/25,2025,4,13:59:03,ST022,CLO008,1,15,15,1001
ORD0212,2010/03/25,2025,3,2:54:12,ST025,CLO008,5,15,75,1037
ORD0157,2017/11/24,2024,11,15:10:48,ST029,CLO008,3,380,1140,1016
ORD1063,2008/05/25,2025,5,22:24:00,ST031,CLO008,5,15,75,1031
ORD0039,2009/09/25,2025,9,23:56:24,ST003,CLO009,5,12,60,1018
ORD0322,2027/08/25,2025,8,22:13:50,ST004,CLO009,2,12,24,1009
ORD0899,2022/05/25,2025,5,5:52:32,ST011,CLO009,5,12,60,1010
ORD0360,2006/05/25,2025,5,0:33:23,ST013,CLO009,3,12,36,1008
ORD0909,2024/05/25,2025,5,22:30:53,ST013,CLO009,4,12,48,1007
ORD0992,2012/05/25,2025,5,6:33:30,ST015,CLO009,4,12,48,1011
ORD0372,2021/05/25,2025,5,16:30:22,ST016,CLO009,4,12,48,1024
ORD0170,2025/08/25,2025,8,20:46:40,ST022,CLO009,5,12,60,1002
ORD0073,2016/08/25,2025,8,17:31:48,ST027,CLO009,3,12,36,1029
ORD0900,2006/06/25,2025,6,21:29:10,ST003,CLO010,2,18,36,1018
ORD1076,2018/08/25,2025,8,0:32:05,ST010,CLO010,1,18,18,1023
ORD0014,2017/02/25,2025,2,9:12:23,ST011,CLO010,3,18,54,1010
ORD0933,2006/10/24,2024,10,12:51:42,ST013,CLO010,4,18,72,1008
ORD0268,2004/08/25,2025,8,20:16:27,ST013,CLO010,5,18,90,1008
ORD0875,2027/06/25,2025,6,2:57:26,ST015,CLO010,5,18,90,1011
ORD0698,2005/02/25,2025,2,6:39:16,ST020,CLO010,5,18,90,1003
ORD0394,2012/07/25,2025,7,22:43:07,ST021,CLO010,3,18,54,1025
ORD0442,2021/06/25,2025,6,14:41:56,ST022,CLO010,4,18,72,1001
ORD0547,2026/08/25,2025,8,6:42:02,ST022,CLO010,2,18,36,1001
ORD0973,2009/02/25,2025,2,0:01:10,ST024,CLO010,1,18,18,1027
ORD0468,2006/11/24,2024,11,5:42:47,ST003,CLO011,3,35,105,1017
ORD0227,2021/09/25,2025,9,0:26:02,ST003,CLO011,3,35,105,1018
ORD0272,2027/10/24,2024,10,15:32:10,ST004,CLO011,5,35,175,1009
ORD0622,2026/05/25,2025,5,16:24:06,ST004,CLO011,4,35,140,1009
ORD0378,2008/06/25,2025,6,8:02:30,ST007,CLO011,5,35,175,1021
ORD0369,2022/06/25,2025,6,7:39:16,ST010,CLO011,1,35,35,1023
ORD0686,2021/05/25,2025,5,20:09:45,ST011,CLO011,4,35,140,1010
ORD0866,2009/03/25,2025,3,1:16:23,ST013,CLO011,4,35,140,1008
ORD0526,1930/07/25,2025,7,11:41:30,ST013,CLO011,1,35,35,1008
ORD0581,2028/09/25,2025,9,13:23:17,ST013,CLO011,4,35,140,1008
ORD0908,2027/06/25,2025,6,15:17:47,ST020,CLO011,4,35,140,1004
ORD0668,2013/09/25,2025,9,18:26:01,ST022,CLO011,4,35,140,1002
ORD0858,2013/11/24,2024,11,9:10:20,ST023,CLO011,5,35,175,1026
ORD1135,2028/10/24,2024,10,17:53:07,ST004,CLO012,5,55,275,1009
ORD0077,2023/12/24,2024,12,7:15:57,ST005,CLO012,5,55,275,1019
ORD0544,2014/05/25,2025,5,13:02:25,ST005,CLO012,1,55,55,1019
ORD0491,2010/02/25,2025,2,21:27:56,ST013,CLO012,5,55,275,1007
ORD0440,2027/01/25,2025,1,17:53:59,ST015,CLO012,3,55,165,1011
ORD0340,2014/05/25,2025,5,14:46:34,ST015,CLO012,4,55,220,1011
ORD1023,2020/05/25,2025,5,15:24:26,ST015,CLO012,4,55,220,1011
ORD1156,2015/07/25,2025,7,22:12:11,ST015,CLO012,5,55,275,1011
ORD0635,2017/07/25,2025,7,11:13:08,ST021,CLO012,4,55,220,1025
ORD0123,2006/02/25,2025,2,3:52:06,ST022,CLO012,3,55,165,1002
ORD1221,2022/07/25,2025,7,7:58:15,ST022,CLO012,5,55,275,1002
ORD0913,2007/10/24,2024,10,22:21:12,ST026,CLO012,4,55,220,1028
ORD0845,2010/11/24,2024,11,8:29:39,ST027,CLO012,4,55,220,1029
ORD0165,2004/04/25,2025,4,2:30:44,ST031,CLO012,1,55,55,1033
ORD0334,1931/12/24,2024,12,6:48:52,ST009,CLO013,2,50,100,1022
ORD0876,2029/10/24,2024,10,17:29:10,ST011,CLO013,3,50,150,1010
ORD0719,1930/03/25,2025,3,1:44:33,ST011,CLO013,5,50,250,1010
ORD0067,2013/07/25,2025,7,22:01:38,ST013,CLO013,4,50,200,1008
ORD0958,2001/12/24,2024,12,13:10:16,ST015,CLO013,5,50,250,1011
ORD0860,2021/02/25,2025,2,17:28:24,ST020,CLO013,5,50,250,1003
ORD0679,2019/07/25,2025,7,4:39:45,ST020,CLO013,5,50,250,1004
ORD0847,2014/10/24,2024,10,14:41:55,ST021,CLO013,3,50,150,1025
ORD0520,1930/01/25,2025,1,22:25:19,ST027,CLO013,2,50,100,1029
ORD0981,2010/08/25,2025,8,13:56:59,ST003,CLO014,2,45,90,1017
ORD0627,2003/04/25,2025,4,12:08:42,ST004,CLO014,2,45,90,1009
ORD1295,2029/09/24,2024,9,22:36:46,ST011,CLO014,1,45,45,1010
ORD0258,2027/10/24,2024,10,13:46:16,ST011,CLO014,3,45,135,1010
ORD0470,2026/03/25,2025,3,1:47:36,ST013,CLO014,4,45,180,1008
ORD1229,2008/01/25,2025,1,9:38:43,ST022,CLO014,4,45,180,1001
ORD0896,2008/03/25,2025,3,20:33:12,ST028,CLO014,2,45,90,1030
ORD0556,2011/01/25,2025,1,7:11:26,ST004,CLO015,1,90,90,1009
ORD0147,2012/10/24,2024,10,13:32:38,ST011,CLO015,3,90,270,1010
ORD0703,2022/11/24,2024,11,21:06:45,ST011,CLO015,5,90,450,1010
ORD0353,2026/11/24,2024,11,0:09:52,ST011,CLO015,5,90,450,1010
ORD0807,2017/03/25,2025,3,21:16:43,ST013,CLO015,3,90,270,1008
ORD1109,1930/03/25,2025,3,14:22:01,ST013,CLO015,4,90,360,1008
ORD0375,2027/08/25,2025,8,17:56:09,ST013,CLO015,5,90,450,1008
ORD0231,2010/09/25,2025,9,18:05:00,ST013,CLO015,1,90,90,1008
ORD0457,2003/10/24,2024,10,0:15:28,ST020,CLO015,5,90,450,1003
ORD0919,2022/10/24,2024,10,3:36:27,ST020,CLO015,1,90,90,1004
ORD1134,2025/07/25,2025,7,17:55:20,ST020,CLO015,1,90,90,1004
ORD0669,2012/05/25,2025,5,15:42:37,ST022,CLO015,1,90,90,1001
ORD0533,2011/07/25,2025,7,1:46:03,ST022,CLO015,2,90,180,1002
ORD0029,2017/06/25,2025,6,14:00:06,ST028,CLO015,2,90,180,1030
ORD1010,2006/06/25,2025,6,9:55:39,ST003,CLO016,1,150,150,1017
ORD1008,2005/09/25,2025,9,4:26:03,ST003,CLO016,1,150,150,1017
ORD1016,2001/12/24,2024,12,20:47:38,ST004,CLO016,1,150,150,1009
ORD0102,2013/04/25,2025,4,8:32:47,ST004,CLO016,5,150,750,1009
ORD0295,2002/07/25,2025,7,7:55:11,ST004,CLO016,4,150,600,1009
ORD0745,2016/05/25,2025,5,7:25:00,ST005,CLO016,1,150,150,1019
ORD0445,2022/03/25,2025,3,10:54:35,ST007,CLO016,3,150,450,1021
ORD1261,2013/01/25,2025,1,5:00:42,ST011,CLO016,5,150,750,1010
ORD1053,2014/02/25,2025,2,13:07:48,ST011,CLO016,3,150,450,1010
ORD0203,2012/05/25,2025,5,19:44:42,ST011,CLO016,5,150,750,1010
ORD0444,2027/07/25,2025,7,3:52:34,ST011,CLO016,2,150,300,1010
ORD0683,2024/09/25,2025,9,15:25:56,ST011,CLO016,5,150,750,1010
ORD0769,1931/01/25,2025,1,22:16:15,ST013,CLO016,1,150,150,1008
ORD1028,2001/07/25,2025,7,5:37:37,ST015,CLO016,1,150,150,1011
ORD0777,2004/12/24,2024,12,1:20:08,ST020,CLO016,4,150,600,1003
ORD1292,2028/02/25,2025,2,15:24:11,ST020,CLO016,1,150,150,1003
ORD1232,2004/07/25,2025,7,13:40:45,ST021,CLO016,3,150,450,1025
ORD0218,2022/08/25,2025,8,22:22:49,ST002,CLO017,2,22,44,1013
ORD1268,2025/12/24,2024,12,8:00:55,ST004,CLO017,3,22,66,1009
ORD1017,2012/04/25,2025,4,5:59:18,ST004,CLO017,1,22,22,1009
ORD0729,2009/07/25,2025,7,23:27:31,ST004,CLO017,2,22,44,1009
ORD0319,2006/05/25,2025,5,8:12:09,ST005,CLO017,5,22,110,1019
ORD1152,2003/07/25,2025,7,23:20:42,ST006,CLO017,5,22,110,1020
ORD0291,2005/08/25,2025,8,2:57:40,ST008,CLO017,4,28,112,1015
ORD1202,2012/04/25,2025,4,5:49:28,ST009,CLO017,2,22,44,1022
ORD1233,2026/10/24,2024,10,16:57:13,ST013,CLO017,1,22,22,1007
ORD0410,2025/07/25,2025,7,14:27:16,ST013,CLO017,1,22,22,1007
ORD1073,1930/04/25,2025,4,15:32:00,ST015,CLO017,4,22,88,1012
ORD0447,2001/08/25,2025,8,11:50:48,ST015,CLO017,3,22,66,1011
ORD0781,2015/09/25,2025,9,17:47:32,ST015,CLO017,2,22,44,1012
ORD0671,2023/04/25,2025,4,15:35:33,ST018,CLO017,4,22,88,1014
ORD0918,2024/12/24,2024,12,1:05:26,ST019,CLO017,5,22,110,1035
ORD0750,2011/01/25,2025,1,0:46:31,ST019,CLO017,2,100,200,1034
ORD0090,1931/08/25,2025,8,13:48:51,ST020,CLO017,3,22,66,1003
ORD0759,2026/11/24,2024,11,17:42:10,ST022,CLO017,1,22,22,1001
ORD0233,2027/02/25,2025,2,11:33:40,ST022,CLO017,3,22,66,1001
ORD0423,2021/01/25,2025,1,7:04:15,ST004,CLO018,3,25,75,1009
ORD0736,2013/09/25,2025,9,2:18:27,ST004,CLO018,2,25,50,1009
ORD1057,2026/08/25,2025,8,8:23:04,ST008,CLO018,2,750,1500,1015
ORD0885,2029/01/25,2025,1,19:38:04,ST013,CLO018,4,25,100,1008
ORD0505,2026/03/25,2025,3,9:40:47,ST015,CLO018,3,25,75,1011
ORD0173,2008/10/24,2024,10,1:49:38,ST019,CLO018,3,400,1200,1034
ORD0820,2023/04/25,2025,4,12:49:51,ST020,CLO018,5,25,125,1003
ORD0256,2013/03/25,2025,3,15:40:12,ST003,CLO019,5,10,50,1018
ORD0301,2021/05/25,2025,5,11:55:54,ST005,CLO019,5,10,50,1019
ORD1271,2006/05/25,2025,5,20:15:08,ST009,CLO019,4,10,40,1022
ORD0508,2018/07/25,2025,7,6:19:50,ST011,CLO019,2,10,20,1010
ORD0504,2024/10/24,2024,10,13:51:25,ST015,CLO019,2,10,20,1012
ORD1071,2027/11/24,2024,11,4:15:20,ST015,CLO019,5,10,50,1011
ORD1270,2004/12/24,2024,12,18:14:37,ST020,CLO019,2,10,20,1003
ORD0596,2026/08/25,2025,8,4:28:15,ST020,CLO019,3,10,30,1003
ORD0809,2002/04/25,2025,4,7:11:33,ST021,CLO019,3,10,30,1025
ORD1121,2012/02/25,2025,2,4:57:40,ST022,CLO019,4,10,40,1002
ORD0525,2027/05/25,2025,5,22:38:25,ST022,CLO019,3,10,30,1002
ORD1025,1930/10/24,2024,10,8:15:36,ST031,CLO019,2,10,20,1032
ORD0101,2020/04/25,2025,4,5:05:42,ST003,CLO020,2,28,56,1017
ORD1105,2017/07/25,2025,7,20:52:11,ST003,CLO020,5,28,140,1017
ORD0326,2003/07/25,2025,7,3:08:10,ST011,CLO020,1,28,28,1010
ORD0916,2005/08/25,2025,8,15:16:56,ST011,CLO020,5,28,140,1010
ORD1259,2014/04/25,2025,4,16:52:09,ST015,CLO020,4,28,112,1011
ORD1145,2024/03/25,2025,3,2:52:52,ST020,CLO020,3,28,84,1003
ORD0829,2026/03/25,2025,3,9:59:45,ST020,CLO020,1,28,28,1003
ORD0833,2009/06/25,2025,6,14:52:45,ST021,CLO020,1,28,28,1025
ORD0428,2008/01/25,2025,1,11:22:37,ST003,CLO021,5,38,190,1017
ORD1046,2017/03/25,2025,3,17:18:17,ST003,CLO021,1,38,38,1018
ORD0714,2010/11/24,2024,11,17:13:44,ST004,CLO021,4,38,152,1009
ORD0088,2019/02/25,2025,2,13:48:32,ST004,CLO021,3,38,114,1009
ORD1004,2022/06/25,2025,6,3:10:53,ST022,CLO021,4,38,152,1002
ORD0111,2029/08/25,2025,8,3:37:03,ST022,CLO021,3,38,114,1002
ORD0843,2017/03/25,2025,3,5:24:29,ST005,CLO022,1,65,65,1019
ORD0122,2005/08/25,2025,8,7:50:42,ST013,CLO022,3,65,195,1008
ORD0585,2001/02/25,2025,2,17:38:00,ST015,CLO022,5,65,325,1011
ORD1172,2022/04/25,2025,4,23:33:46,ST015,CLO022,1,65,65,1011
ORD0085,2012/07/25,2025,7,14:26:28,ST015,CLO022,2,65,130,1011
ORD0648,2012/08/25,2025,8,9:54:31,ST015,CLO022,4,65,260,1011
ORD0438,2007/08/25,2025,8,8:22:06,ST020,CLO022,1,65,65,1003
ORD0654,2016/07/25,2025,7,10:19:16,ST031,CLO022,1,65,65,1032
ORD1075,2027/03/25,2025,3,21:25:22,ST003,CLO023,5,55,275,1017
ORD1224,2015/05/25,2025,5,18:34:41,ST011,CLO023,1,55,55,1010
ORD0607,2024/07/25,2025,7,20:46:47,ST011,CLO023,3,55,165,1010
ORD0518,2017/10/24,2024,10,9:11:17,ST013,CLO023,4,55,220,1008
ORD0022,2006/08/25,2025,8,6:45:02,ST013,CLO023,5,55,275,1008
ORD1182,2013/09/25,2025,9,3:23:24,ST017,CLO023,4,55,220,1039
ORD0431,2007/01/25,2025,1,20:04:23,ST031,CLO023,4,55,220,1031
ORD0869,2006/01/25,2025,1,7:33:24,ST004,CLO024,1,60,60,1009
ORD1114,2021/08/25,2025,8,13:35:37,ST007,CLO024,3,60,180,1021
ORD0027,2006/01/25,2025,1,5:12:34,ST010,CLO024,1,60,60,1023
ORD0251,2028/09/24,2024,9,3:18:12,ST011,CLO024,5,60,300,1010
ORD0950,2017/10/24,2024,10,11:30:24,ST011,CLO024,4,60,240,1010
ORD0889,2002/02/25,2025,2,10:59:34,ST011,CLO024,3,60,180,1010
ORD1191,2004/08/25,2025,8,4:57:05,ST011,CLO024,3,60,180,1010
ORD0277,2024/04/25,2025,4,22:26:46,ST013,CLO024,3,60,180,1008
ORD1266,2004/02/25,2025,2,3:04:20,ST015,CLO024,2,60,120,1011
ORD0364,2004/10/24,2024,10,16:39:21,ST020,CLO024,5,60,300,1004
ORD0158,2003/07/25,2025,7,15:06:46,ST020,CLO024,3,60,180,1003
ORD0993,2024/09/25,2025,9,18:45:19,ST031,CLO024,2,60,120,1031
ORD0770,2010/01/25,2025,1,7:44:49,ST004,CLO025,4,85,340,1009
ORD0680,1930/04/25,2025,4,4:54:51,ST004,CLO025,5,85,425,1009
ORD0628,2021/12/24,2024,12,22:58:47,ST005,CLO025,1,85,85,1019
ORD0049,2004/01/25,2025,1,6:27:12,ST006,CLO025,3,85,255,1020
ORD0733,2026/10/24,2024,10,10:21:31,ST009,CLO025,5,85,425,1022
ORD0697,2021/07/25,2025,7,18:54:36,ST010,CLO025,4,85,340,1023
ORD0110,2008/04/25,2025,4,20:08:35,ST012,CLO025,1,85,85,1040
ORD0274,2007/07/25,2025,7,18:09:55,ST022,CLO025,1,85,85,1001
ORD1234,2001/02/25,2025,2,18:06:06,ST023,CLO025,3,85,255,1026
ORD0602,2020/03/25,2025,3,13:43:02,ST026,CLO025,2,85,170,1028
ORD1043,2009/08/25,2025,8,13:49:34,ST031,CLO025,2,85,170,1033
ORD1242,2026/09/25,2025,9,14:35:28,ST031,CLO025,4,85,340,1031
ORD0922,2023/11/24,2024,11,13:05:49,ST003,CLO026,5,160,800,1017
ORD0163,2009/08/25,2025,8,9:06:23,ST004,CLO026,2,160,320,1009
ORD0798,2016/02/25,2025,2,7:11:25,ST006,CLO026,1,160,160,1020
ORD0001,2025/01/25,2025,1,15:50:29,ST008,CLO026,2,65,130,1015
ORD0725,2009/10/24,2024,10,13:32:06,ST009,CLO026,1,160,160,1022
ORD0977,2023/03/25,2025,3,5:39:16,ST011,CLO026,2,160,320,1010
ORD1060,2018/05/25,2025,5,17:38:16,ST012,CLO026,3,160,480,1040
ORD0407,2018/10/24,2024,10,19:07:34,ST015,CLO026,3,160,480,1011
ORD0484,2011/11/24,2024,11,23:13:21,ST019,CLO026,4,22,88,1034
ORD0857,2024/11/24,2024,11,1:10:58,ST020,CLO026,5,160,800,1003
ORD1044,1930/04/25,2025,4,17:09:46,ST020,CLO026,2,160,320,1003
ORD0044,2015/03/25,2025,3,4:36:45,ST022,CLO026,1,160,160,1001
ORD0279,2028/03/25,2025,3,16:02:07,ST022,CLO026,2,160,320,1002
ORD1289,2015/06/25,2025,6,10:33:35,ST023,CLO026,1,160,160,1026
ORD0583,2019/05/25,2025,5,22:13:31,ST026,CLO026,3,160,480,1028
ORD1039,2018/05/25,2025,5,6:18:05,ST028,CLO026,2,160,320,1030
ORD0089,2015/07/25,2025,7,2:03:37,ST002,CLO027,1,18,18,1013
ORD1176,1930/09/24,2024,9,21:51:10,ST003,CLO027,5,18,90,1017
ORD0290,2013/04/25,2025,4,14:50:57,ST003,CLO027,4,18,72,1017
ORD0053,2012/06/25,2025,6,13:11:42,ST004,CLO027,3,18,54,1009
ORD0606,2018/09/25,2025,9,13:42:48,ST004,CLO027,1,18,18,1009
ORD0594,2021/02/25,2025,2,17:37:14,ST007,CLO027,3,18,54,1021
ORD0174,2019/01/25,2025,1,0:12:58,ST015,CLO027,1,18,18,1011
ORD0215,2009/05/25,2025,5,20:04:28,ST015,CLO027,4,18,72,1011
ORD0608,2017/09/25,2025,9,14:55:17,ST015,CLO027,2,18,36,1012
ORD0008,1931/12/24,2024,12,22:07:04,ST016,CLO027,5,18,90,1024
ORD1187,2013/01/25,2025,1,16:28:30,ST018,CLO027,2,18,36,1014
ORD1119,2004/01/25,2025,1,4:40:21,ST020,CLO027,4,18,72,1003
ORD0568,2027/01/25,2025,1,22:10:00,ST020,CLO027,3,18,54,1003
ORD0616,2027/01/25,2025,1,0:18:12,ST020,CLO027,1,18,18,1003
ORD0586,2012/05/25,2025,5,1:04:48,ST020,CLO027,4,18,72,1003
ORD0196,2007/05/25,2025,5,4:46:07,ST022,CLO027,2,18,36,1001
ORD0486,2011/07/25,2025,7,3:27:10,ST022,CLO027,2,18,36,1001
ORD0722,2023/09/25,2025,9,5:41:59,ST022,CLO027,3,18,54,1001
ORD0559,2006/09/25,2025,9,8:03:38,ST027,CLO027,2,18,36,1029
ORD0715,2009/04/25,2025,4,4:20:22,ST003,CLO028,5,20,100,1017
ORD0069,2029/06/25,2025,6,9:41:27,ST003,CLO028,5,20,100,1017
ORD1216,2025/01/25,2025,1,8:10:20,ST004,CLO028,4,20,80,1009
ORD0911,2002/10/24,2024,10,8:59:51,ST011,CLO028,2,20,40,1010
ORD0412,2006/08/25,2025,8,7:25:25,ST011,CLO028,4,20,80,1010
ORD0151,2014/09/25,2025,9,20:27:52,ST012,CLO028,5,20,100,1040
ORD0064,2028/02/25,2025,2,18:14:26,ST013,CLO028,3,20,60,1007
ORD1269,2001/10/24,2024,10,18:36:36,ST015,CLO028,1,20,20,1011
ORD0003,2009/09/25,2025,9,20:04:17,ST022,CLO028,3,20,60,1001
ORD0232,2013/10/24,2024,10,0:14:32,ST031,CLO028,4,20,80,1032
ORD0515,2012/09/25,2025,9,23:36:24,ST031,CLO028,2,20,40,1032
ORD0894,2009/01/25,2025,1,4:25:16,ST004,CLO029,3,14,42,1009
ORD0118,2013/03/25,2025,3,20:10:34,ST005,CLO029,3,14,42,1019
ORD0032,2002/03/25,2025,3,23:56:42,ST007,CLO029,5,14,70,1021
ORD0822,2003/06/25,2025,6,13:42:29,ST009,CLO029,3,14,42,1022
ORD0059,2007/03/25,2025,3,11:40:37,ST010,CLO029,2,14,28,1023
ORD1056,2009/10/24,2024,10,14:26:47,ST013,CLO029,2,14,28,1008
ORD1097,2022/10/24,2024,10,1:28:42,ST013,CLO029,2,14,28,1007
ORD0730,2022/08/25,2025,8,10:05:13,ST013,CLO029,2,14,28,1008
ORD1220,2026/02/25,2025,2,1:46:25,ST014,CLO029,5,14,70,1036
ORD0522,2004/04/25,2025,4,8:12:55,ST015,CLO029,2,14,28,1011
ORD0300,2020/06/25,2025,6,8:58:39,ST015,CLO029,3,14,42,1011
ORD1100,2022/08/25,2025,8,14:38:05,ST019,CLO029,3,25,75,1035
ORD1181,2004/01/25,2025,1,6:19:45,ST020,CLO029,4,14,56,1003
ORD0821,2002/09/25,2025,9,5:20:44,ST029,CLO029,2,80,160,1016
ORD0509,2024/11/24,2024,11,22:05:31,ST003,CLO030,2,22,44,1017
ORD0399,2026/02/25,2025,2,9:55:52,ST003,CLO030,4,22,88,1018
ORD0709,2010/07/25,2025,7,15:28:00,ST003,CLO030,2,22,44,1018
ORD0531,2012/06/25,2025,6,1:39:48,ST006,CLO030,5,22,110,1020
ORD0543,2005/01/25,2025,1,9:21:29,ST008,CLO030,5,600,3000,1015
ORD0318,2006/12/24,2024,12,16:53:28,ST013,CLO030,5,22,110,1008
ORD0700,2016/02/25,2025,2,4:03:46,ST015,CLO030,2,22,44,1011
ORD1164,2021/11/24,2024,11,2:42:23,ST020,CLO030,4,22,88,1003
ORD0197,2025/12/24,2024,12,6:28:53,ST020,CLO030,2,22,44,1003
ORD0940,2021/03/25,2025,3,20:17:26,ST020,CLO030,4,22,88,1003
ORD0273,2013/05/25,2025,5,21:58:10,ST029,CLO030,4,650,2600,1016
ORD0667,1930/11/24,2024,11,23:34:32,ST003,CLO031,2,28,56,1018
ORD0452,2018/02/25,2025,2,23:17:00,ST003,CLO031,5,28,140,1017
ORD0376,2023/01/25,2025,1,14:31:11,ST004,CLO031,5,28,140,1009
ORD0930,1931/03/25,2025,3,6:44:09,ST004,CLO031,4,28,112,1009
ORD1070,2004/03/25,2025,3,23:21:07,ST005,CLO031,3,28,84,1019
ORD0838,2013/04/25,2025,4,7:08:06,ST009,CLO031,2,28,56,1022
ORD0598,2027/05/25,2025,5,16:50:52,ST009,CLO031,2,28,56,1022
ORD0195,2016/11/24,2024,11,17:20:03,ST011,CLO031,4,28,112,1010
ORD0779,2020/05/25,2025,5,0:14:41,ST015,CLO031,2,28,56,1011
ORD0214,2012/01/25,2025,1,6:33:20,ST020,CLO031,3,28,84,1003
ORD0856,2007/10/24,2024,10,13:07:16,ST022,CLO031,3,28,84,1002
ORD0924,1930/08/25,2025,8,13:48:54,ST031,CLO031,5,28,140,1031
ORD0799,2020/09/25,2025,9,0:36:46,ST031,CLO031,2,28,56,1031
ORD0571,2003/02/25,2025,2,22:21:08,ST003,CLO032,3,120,360,1017
ORD1024,2005/12/24,2024,12,8:13:00,ST004,CLO032,2,120,240,1009
ORD0853,2001/12/24,2024,12,8:34:41,ST005,CLO032,2,120,240,1019
ORD1125,2025/05/25,2025,5,10:49:41,ST005,CLO032,3,120,360,1019
ORD0689,2018/05/25,2025,5,11:06:15,ST006,CLO032,2,120,240,1020
ORD1021,2022/02/25,2025,2,9:29:11,ST011,CLO032,5,120,600,1010
ORD0576,2017/02/25,2025,2,8:55:27,ST012,CLO032,5,120,600,1040
ORD1212,2002/02/25,2025,2,8:26:10,ST013,CLO032,3,120,360,1008
ORD0987,2017/04/25,2025,4,16:50:28,ST013,CLO032,4,120,480,1008
ORD0550,2002/05/25,2025,5,0:58:55,ST015,CLO032,1,120,120,1011
ORD0342,2028/06/25,2025,6,1:31:01,ST015,CLO032,5,120,600,1011
ORD0155,2027/08/25,2025,8,2:28:10,ST020,CLO032,3,120,360,1003
ORD1165,2015/12/24,2024,12,5:37:09,ST022,CLO032,5,120,600,1001
ORD0830,2015/04/25,2025,4,19:54:23,ST022,CLO032,4,120,480,1001
ORD1042,2002/07/25,2025,7,13:57:25,ST031,CLO032,1,120,120,1031
ORD1082,2006/08/25,2025,8,2:55:07,ST031,CLO032,1,120,120,1031
ORD0818,2019/10/24,2024,10,20:28:32,ST003,CLO033,2,50,100,1018
ORD1248,2023/01/25,2025,1,16:16:21,ST003,CLO033,3,50,150,1017
ORD1078,2029/10/24,2024,10,2:52:09,ST013,CLO033,1,50,50,1008
ORD0904,2021/11/24,2024,11,19:30:49,ST013,CLO033,2,50,100,1007
ORD1297,1931/01/25,2025,1,6:05:01,ST020,CLO033,4,50,200,1003
ORD0570,2001/11/24,2024,11,10:29:55,ST022,CLO033,5,50,250,1001
ORD0704,2009/05/25,2025,5,14:29:22,ST022,CLO033,2,50,100,1001
ORD0262,2008/12/24,2024,12,20:11:23,ST027,CLO033,2,50,100,1029
ORD1203,2029/05/25,2025,5,18:33:36,ST028,CLO033,4,50,200,1030
ORD1112,2009/11/24,2024,11,22:41:52,ST031,CLO033,1,50,50,1032
ORD0267,2017/04/25,2025,4,11:36:04,ST031,CLO033,2,50,100,1031
ORD1126,2018/01/25,2025,1,5:09:32,ST004,CLO034,1,45,45,1009
ORD0210,2011/01/25,2025,1,10:59:47,ST006,CLO034,3,45,135,1020
ORD0852,2014/12/24,2024,12,21:42:59,ST009,CLO034,4,45,180,1022
ORD0982,2025/11/24,2024,11,12:30:51,ST011,CLO034,2,45,90,1010
ORD0862,1930/07/25,2025,7,11:25:20,ST011,CLO034,1,45,45,1010
ORD0396,2002/02/25,2025,2,8:53:23,ST013,CLO034,3,45,135,1008
ORD0998,2016/06/25,2025,6,7:45:22,ST020,CLO034,4,45,180,1004
ORD1293,2008/07/25,2025,7,6:48:47,ST020,CLO034,1,45,45,1003
ORD0706,2028/07/25,2025,7,20:56:25,ST020,CLO034,5,45,225,1003
ORD1250,2003/08/25,2025,8,21:57:08,ST020,CLO034,4,45,180,1003
ORD0664,1931/03/25,2025,3,12:04:25,ST022,CLO034,2,45,90,1001
ORD0776,2007/12/24,2024,12,13:09:37,ST003,CLO035,4,95,380,1018
ORD1104,2028/09/24,2024,9,12:23:48,ST004,CLO035,4,95,380,1009
ORD0914,2022/12/24,2024,12,22:58:23,ST004,CLO035,4,95,380,1009
ORD1186,2026/01/25,2025,1,0:17:42,ST004,CLO035,3,95,285,1009
ORD0335,1931/07/25,2025,7,8:14:11,ST004,CLO035,3,95,285,1009
ORD0129,2028/09/25,2025,9,7:34:32,ST004,CLO035,4,95,380,1009
ORD0282,2019/11/24,2024,11,23:06:38,ST006,CLO035,5,95,475,1020
ORD0805,2028/11/24,2024,11,5:30:01,ST011,CLO035,5,95,475,1010
ORD1136,2029/11/24,2024,11,1:24:09,ST013,CLO035,1,95,95,1007
ORD0527,2021/08/25,2025,8,15:40:45,ST013,CLO035,5,95,475,1008
ORD1168,2024/10/24,2024,10,17:57:14,ST015,CLO035,4,95,380,1011
ORD0454,2010/11/24,2024,11,7:47:56,ST020,CLO035,1,95,95,1003
ORD0539,2020/05/25,2025,5,18:59:18,ST020,CLO035,5,95,475,1003
ORD0478,2011/06/25,2025,6,16:56:57,ST020,CLO035,1,95,95,1003
ORD1088,2006/07/25,2025,7,7:58:13,ST022,CLO035,1,95,95,1001
ORD0206,2019/10/24,2024,10,22:45:41,ST003,ELE001,1,700,700,1017
ORD0643,2002/10/24,2024,10,16:44:06,ST004,ELE001,5,700,3500,1009
ORD0220,2012/10/24,2024,10,3:02:56,ST004,ELE001,2,700,1400,1009
ORD0905,2006/05/25,2025,5,10:17:01,ST005,ELE001,3,700,2100,1019
ORD0787,2002/07/25,2025,7,9:44:48,ST007,ELE001,5,700,3500,1021
ORD0015,2026/06/25,2025,6,9:31:16,ST009,ELE001,2,700,1400,1022
ORD1184,2008/09/25,2025,9,13:03:33,ST009,ELE001,4,700,2800,1022
ORD0281,2001/07/25,2025,7,21:04:39,ST010,ELE001,3,700,2100,1023
ORD0115,2013/02/25,2025,2,8:21:54,ST011,ELE001,5,700,3500,1010
ORD0348,2002/05/25,2025,5,20:05:05,ST011,ELE001,5,700,3500,1010
ORD0844,2009/02/25,2025,2,20:55:04,ST013,ELE001,3,700,2100,1008
ORD0636,2027/04/25,2025,4,15:07:01,ST013,ELE001,2,700,1400,1008
ORD0144,2001/09/25,2025,9,12:12:37,ST013,ELE001,2,700,1400,1007
ORD0647,2016/10/24,2024,10,6:20:34,ST015,ELE001,4,700,2800,1011
ORD0382,2024/12/24,2024,12,12:45:29,ST015,ELE001,4,700,2800,1011
ORD0595,2012/04/25,2025,4,11:22:03,ST015,ELE001,2,700,1400,1011
ORD0832,2026/07/25,2025,7,3:07:27,ST015,ELE001,3,700,2100,1011
ORD0346,2018/03/25,2025,3,11:30:39,ST020,ELE001,1,700,700,1003
ORD0625,2014/04/25,2025,4,1:14:04,ST020,ELE001,3,700,2100,1004
ORD1194,2009/09/25,2025,9,17:48:48,ST020,ELE001,1,700,700,1003
ORD0097,2012/06/25,2025,6,10:08:39,ST021,ELE001,1,700,700,1025
ORD0511,2004/04/25,2025,4,8:26:19,ST022,ELE001,1,700,700,1001
ORD0656,2007/05/25,2025,5,21:05:49,ST022,ELE001,5,700,3500,1001
ORD1001,2029/07/25,2025,7,17:56:48,ST031,ELE001,5,700,3500,1032
ORD0528,2001/02/25,2025,2,4:57:14,ST004,ELE002,1,1200,1200,1009
ORD0341,1931/08/25,2025,8,8:16:37,ST009,ELE002,1,1200,1200,1022
ORD1239,2007/10/24,2024,10,7:14:15,ST013,ELE002,2,1200,2400,1008
ORD0320,2004/11/24,2024,11,4:11:47,ST013,ELE002,2,1200,2400,1007
ORD0524,2014/11/24,2024,11,15:03:41,ST020,ELE002,4,1200,4800,1004
ORD0124,2028/12/24,2024,12,22:51:22,ST020,ELE002,1,1200,1200,1003
ORD0716,2026/07/25,2025,7,20:33:48,ST020,ELE002,1,1200,1200,1003
ORD1255,2018/10/24,2024,10,21:59:56,ST022,ELE002,5,1200,6000,1002
ORD1188,2019/10/24,2024,10,16:15:55,ST022,ELE002,4,1200,4800,1001
ORD0020,2025/11/24,2024,11,13:38:01,ST003,ELE003,2,800,1600,1017
ORD1199,2013/04/25,2025,4,5:50:17,ST003,ELE003,3,800,2400,1018
ORD0662,2009/11/24,2024,11,19:04:33,ST004,ELE003,4,800,3200,1009
ORD0189,2008/11/24,2024,11,13:14:30,ST005,ELE003,1,800,800,1019
ORD0055,2017/09/25,2025,9,13:00:26,ST007,ELE003,2,800,1600,1021
ORD0734,2026/06/25,2025,6,9:56:48,ST015,ELE003,2,800,1600,1011
ORD0135,2028/04/25,2025,4,7:23:38,ST020,ELE003,1,800,800,1004
ORD0433,2003/07/25,2025,7,13:02:18,ST022,ELE003,2,800,1600,1002
ORD0865,2012/07/25,2025,7,5:40:16,ST022,ELE003,1,800,800,1001
ORD0303,2011/09/25,2025,9,9:24:20,ST024,ELE003,2,800,1600,1027
ORD0878,2026/02/25,2025,2,10:17:49,ST027,ELE003,2,800,1600,1029
ORD1245,2003/09/25,2025,9,16:20:43,ST004,ELE004,1,150,150,1009
ORD0107,2026/11/24,2024,11,21:07:42,ST006,ELE004,1,150,150,1020
ORD0441,2007/09/25,2025,9,10:41:56,ST007,ELE004,1,150,150,1021
ORD0253,2009/09/25,2025,9,15:32:31,ST013,ELE004,1,150,150,1008
ORD0056,2007/01/25,2025,1,22:00:54,ST015,ELE004,1,150,150,1011
ORD0483,2021/11/24,2024,11,0:49:04,ST020,ELE004,5,150,750,1003
ORD0219,2017/03/25,2025,3,14:48:15,ST020,ELE004,4,150,600,1003
ORD0617,1931/03/25,2025,3,19:24:37,ST020,ELE004,4,150,600,1003
ORD0619,2014/09/25,2025,9,16:40:17,ST020,ELE004,2,150,300,1003
ORD0307,2012/12/24,2024,12,2:06:21,ST022,ELE004,1,150,150,1002
ORD0972,2024/09/25,2025,9,12:34:46,ST022,ELE004,4,150,600,1001
ORD0761,2015/10/24,2024,10,15:31:07,ST031,ELE004,4,150,600,1031
ORD0459,2017/12/24,2024,12,18:49:19,ST005,ELE005,5,500,2500,1019
ORD0496,2013/09/25,2025,9,9:05:51,ST009,ELE005,5,500,2500,1022
ORD0081,2007/09/25,2025,9,14:30:23,ST011,ELE005,1,500,500,1010
ORD1077,2017/06/25,2025,6,1:41:13,ST013,ELE005,1,500,500,1008
ORD0546,2004/07/25,2025,7,8:30:48,ST013,ELE005,2,500,1000,1008
ORD0389,2003/11/24,2024,11,22:51:29,ST015,ELE005,4,500,2000,1011
ORD0499,2003/10/24,2024,10,20:44:59,ST016,ELE005,2,500,1000,1024
ORD0367,2002/05/25,2025,5,4:42:16,ST022,ELE005,5,500,2500,1002
ORD0252,2019/07/25,2025,7,1:38:50,ST022,ELE005,3,500,1500,1001
ORD1034,2022/11/24,2024,11,6:05:10,ST031,ELE005,1,500,500,1032
ORD0136,2019/05/25,2025,5,12:12:37,ST031,ELE005,4,500,2000,1031
ORD0430,2008/06/25,2025,6,7:26:47,ST003,ELE006,4,400,1600,1017
ORD0599,2025/07/25,2025,7,16:45:55,ST003,ELE006,1,400,400,1017
ORD0221,2025/10/24,2024,10,2:27:02,ST004,ELE006,2,400,800,1009
ORD1263,2026/11/24,2024,11,16:17:33,ST004,ELE006,2,400,800,1009
ORD0415,2011/03/25,2025,3,5:38:07,ST006,ELE006,2,400,800,1020
ORD0043,2008/02/25,2025,2,23:33:35,ST009,ELE006,3,400,1200,1022
ORD0091,2006/06/25,2025,6,15:08:33,ST011,ELE006,5,400,2000,1010
ORD0224,2005/08/25,2025,8,0:22:36,ST011,ELE006,2,400,800,1010
ORD1179,2029/06/25,2025,6,9:19:02,ST012,ELE006,2,400,800,1040
ORD0554,2016/12/24,2024,12,5:05:06,ST013,ELE006,4,400,1600,1008
ORD0142,2017/02/25,2025,2,6:38:58,ST013,ELE006,3,400,1200,1008
ORD1066,2014/09/25,2025,9,14:42:14,ST016,ELE006,3,400,1200,1024
ORD0361,2018/02/25,2025,2,7:32:37,ST020,ELE006,5,400,2000,1003
ORD0661,2028/11/24,2024,11,15:06:16,ST022,ELE006,5,400,2000,1001
ORD0666,2013/09/25,2025,9,3:55:59,ST022,ELE006,3,400,1200,1001
ORD0426,2026/09/25,2025,9,10:44:54,ST031,ELE006,5,400,2000,1031
ORD1225,1930/09/24,2024,9,5:41:25,ST003,ELE007,4,250,1000,1018
ORD1180,2028/05/25,2025,5,1:22:00,ST004,ELE007,3,250,750,1009
ORD0286,2021/07/25,2025,7,9:26:28,ST006,ELE007,4,250,1000,1020
ORD0684,2027/10/24,2024,10,19:07:39,ST007,ELE007,3,250,750,1021
ORD0663,2023/03/25,2025,3,23:02:33,ST020,ELE007,1,250,250,1003
ORD0200,1930/05/25,2025,5,19:57:38,ST027,ELE007,2,250,500,1029
ORD1251,2015/07/25,2025,7,10:50:20,ST003,ELE008,2,50,100,1018
ORD0042,2004/08/25,2025,8,1:58:14,ST003,ELE008,4,50,200,1017
ORD1014,2021/11/24,2024,11,1:06:26,ST006,ELE008,3,50,150,1020
ORD0534,2003/05/25,2025,5,20:57:11,ST006,ELE008,5,50,250,1020
ORD0472,2022/05/25,2025,5,20:50:00,ST011,ELE008,3,50,150,1010
ORD0137,2011/02/25,2025,2,6:19:23,ST013,ELE008,1,50,50,1008
ORD1019,2026/03/25,2025,3,4:46:37,ST013,ELE008,1,50,50,1008
ORD0453,2025/02/25,2025,2,3:31:53,ST015,ELE008,1,50,50,1012
ORD0114,2004/08/25,2025,8,13:39:41,ST015,ELE008,2,50,100,1012
ORD0986,2029/09/24,2024,9,12:43:03,ST018,ELE008,2,50,100,1014
ORD0548,2010/04/25,2025,4,5:04:26,ST020,ELE008,4,50,200,1003
ORD0461,2025/04/25,2025,4,22:13:09,ST020,ELE008,1,50,50,1003
ORD0098,2011/06/25,2025,6,18:49:08,ST020,ELE008,3,50,150,1003
ORD0331,2025/06/25,2025,6,19:24:16,ST020,ELE008,3,50,150,1003
ORD0682,2015/06/25,2025,6,3:42:50,ST022,ELE008,5,50,250,1002
ORD0194,2002/09/25,2025,9,2:58:53,ST022,ELE008,1,50,50,1001
ORD1253,2021/07/25,2025,7,0:29:16,ST031,ELE008,4,50,200,1033
ORD1276,2013/01/25,2025,1,20:44:16,ST009,ELE009,4,120,480,1022
ORD1058,2014/11/24,2024,11,21:52:37,ST010,ELE009,3,120,360,1023
ORD0311,2027/03/25,2025,3,10:12:14,ST010,ELE009,1,120,120,1023
ORD0264,2008/01/25,2025,1,17:37:54,ST011,ELE009,3,120,360,1010
ORD0631,1931/05/25,2025,5,10:41:57,ST011,ELE009,4,120,480,1010
ORD0555,2023/11/24,2024,11,10:24:47,ST013,ELE009,1,120,120,1008
ORD0458,2016/08/25,2025,8,22:01:09,ST022,ELE009,2,120,240,1001
ORD0945,2011/03/25,2025,3,12:03:48,ST031,ELE009,3,120,360,1033
ORD1183,2027/05/25,2025,5,2:03:40,ST003,ELE010,3,900,2700,1017
ORD0897,2017/07/25,2025,7,12:04:32,ST004,ELE010,3,900,2700,1009
ORD0490,2012/03/25,2025,3,18:45:37,ST006,ELE010,5,900,4500,1020
ORD1085,2012/10/24,2024,10,23:15:43,ST011,ELE010,4,900,3600,1010
ORD1161,2010/12/24,2024,12,11:47:47,ST011,ELE010,1,900,900,1010
ORD0611,2014/09/25,2025,9,5:53:55,ST011,ELE010,5,900,4500,1010
ORD1273,2017/08/25,2025,8,20:06:22,ST015,ELE010,5,900,4500,1012
ORD0422,2021/12/24,2024,12,11:22:58,ST018,ELE010,5,900,4500,1014
ORD1190,1930/08/25,2025,8,22:54:28,ST020,ELE010,1,900,900,1003
ORD0758,2023/07/25,2025,7,1:41:39,ST022,ELE010,1,900,900,1001
ORD1228,2005/01/25,2025,1,15:32:43,ST031,ELE010,5,900,4500,1033
ORD1113,2006/08/25,2025,8,13:52:21,ST031,ELE010,1,900,900,1033
ORD1133,2016/12/24,2024,12,13:39:13,ST003,ELE011,5,1500,7500,1018
ORD0066,2021/04/25,2025,4,2:19:03,ST003,ELE011,4,1500,6000,1017
ORD0130,2009/02/25,2025,2,22:53:17,ST004,ELE011,2,1500,3000,1009
ORD1201,2010/10/24,2024,10,12:39:04,ST006,ELE011,2,1500,3000,1020
ORD0917,2022/05/25,2025,5,22:01:51,ST009,ELE011,2,1500,3000,1022
ORD0386,2017/11/24,2024,11,0:21:11,ST011,ELE011,2,1500,3000,1010
ORD0180,2007/02/25,2025,2,15:03:11,ST011,ELE011,3,1500,4500,1010
ORD0359,2024/05/25,2025,5,19:16:14,ST011,ELE011,1,1500,1500,1010
ORD1283,2027/08/25,2025,8,22:28:44,ST011,ELE011,2,1500,3000,1010
ORD0497,2018/05/25,2025,5,8:49:21,ST013,ELE011,1,1500,1500,1007
ORD1127,2001/08/25,2025,8,15:16:53,ST020,ELE011,3,1500,4500,1003
ORD0467,2016/07/25,2025,7,0:44:10,ST022,ELE011,3,1500,4500,1001
ORD1141,2007/10/24,2024,10,0:47:32,ST003,ELE012,4,1000,4000,1017
ORD0762,2012/05/25,2025,5,3:26:14,ST011,ELE012,4,1000,4000,1010
ORD1011,2023/04/25,2025,4,20:03:53,ST013,ELE012,2,1000,2000,1008
ORD0021,1931/08/25,2025,8,3:17:42,ST013,ELE012,1,1000,1000,1008
ORD1128,2029/10/24,2024,10,20:45:08,ST015,ELE012,2,1000,2000,1011
ORD0632,2028/01/25,2025,1,6:05:22,ST015,ELE012,2,1000,2000,1011
ORD0149,2028/07/25,2025,7,14:01:48,ST020,ELE012,1,1000,1000,1003
ORD0175,2007/09/25,2025,9,8:07:16,ST003,ELE013,1,1000,1000,1017
ORD0385,2020/08/25,2025,8,22:56:25,ST004,ELE013,4,1000,4000,1009
ORD0578,2018/02/25,2025,2,21:05:40,ST009,ELE013,5,1000,5000,1022
ORD0243,2021/12/24,2024,12,23:34:03,ST013,ELE013,5,1000,5000,1008
ORD0753,2018/02/25,2025,2,3:36:52,ST015,ELE013,5,1000,5000,1011
ORD0835,2026/09/25,2025,9,19:07:54,ST015,ELE013,4,1000,4000,1012
ORD0384,2006/09/25,2025,9,1:23:22,ST018,ELE013,4,1000,4000,1014
ORD0782,2012/05/25,2025,5,5:23:52,ST020,ELE013,3,1000,3000,1003
ORD0299,2017/05/25,2025,5,18:13:58,ST020,ELE013,4,1000,4000,1003
ORD1254,2026/02/25,2025,2,22:00:49,ST021,ELE013,5,1000,5000,1025
ORD0893,2028/07/25,2025,7,2:43:25,ST022,ELE013,2,1000,2000,1001
ORD0743,2026/11/24,2024,11,12:04:07,ST003,ELE014,2,200,400,1017
ORD1204,2015/01/25,2025,1,12:04:17,ST006,ELE014,5,200,1000,1020
ORD0460,2013/09/25,2025,9,13:56:21,ST011,ELE014,4,200,800,1010
ORD0849,2019/10/24,2024,10,9:14:01,ST013,ELE014,2,200,400,1008
ORD0106,2012/03/25,2025,3,22:58:47,ST013,ELE014,5,200,1000,1007
ORD0371,2014/12/24,2024,12,5:18:37,ST020,ELE014,3,200,600,1004
ORD0060,2011/05/25,2025,5,21:27:33,ST020,ELE014,4,200,800,1003
ORD0737,2013/07/25,2025,7,12:16:46,ST024,ELE014,3,200,600,1027
ORD0717,2025/11/24,2024,11,14:48:23,ST004,ELE015,3,400,1200,1009
ORD0368,2021/09/25,2025,9,0:21:43,ST008,ELE015,4,60,240,1015
ORD0859,2028/02/25,2025,2,2:16:43,ST011,ELE015,1,400,400,1010
ORD0817,2005/03/25,2025,3,17:13:47,ST011,ELE015,4,400,1600,1010
ORD0784,2023/07/25,2025,7,3:16:51,ST013,ELE015,2,400,800,1008
ORD1092,2025/08/25,2025,8,18:17:35,ST013,ELE015,5,400,2000,1008
ORD0638,2006/02/25,2025,2,11:06:45,ST014,ELE015,4,400,1600,1036
ORD0815,2025/09/25,2025,9,9:53:05,ST019,ELE015,3,210,630,1035
ORD0906,2009/07/25,2025,7,16:31:00,ST020,ELE015,2,400,800,1003
ORD0948,2021/04/25,2025,4,4:16:16,ST021,ELE015,3,400,1200,1025
ORD0915,2014/08/25,2025,8,4:50:48,ST022,ELE015,1,400,400,1001
ORD0420,2017/07/25,2025,7,19:48:35,ST029,ELE015,3,210,630,1016
ORD0248,2006/08/25,2025,8,5:16:50,ST029,ELE015,1,400,400,1016
ORD0641,1930/04/25,2025,4,14:06:53,ST003,ELE016,4,900,3600,1018
ORD1140,2029/08/25,2025,8,20:45:59,ST010,ELE016,2,900,1800,1023
ORD0025,2014/10/24,2024,10,20:51:23,ST011,ELE016,5,900,4500,1010
ORD0100,2021/09/25,2025,9,10:52:17,ST013,ELE016,1,900,900,1007
ORD1012,2020/01/25,2025,1,1:46:51,ST015,ELE016,2,900,1800,1011
ORD1018,2025/07/25,2025,7,6:18:51,ST015,ELE016,2,900,1800,1011
ORD0929,2008/04/25,2025,4,6:22:36,ST020,ELE016,4,900,3600,1003
ORD0337,2029/08/25,2025,8,19:05:17,ST020,ELE016,4,900,3600,1004
ORD0425,2008/03/25,2025,3,6:48:20,ST031,ELE016,1,900,900,1031
ORD1256,2007/02/25,2025,2,13:37:19,ST003,ELE017,2,100,200,1017
ORD1264,2024/01/25,2025,1,1:33:31,ST006,ELE017,2,100,200,1020
ORD0990,2018/02/25,2025,2,10:07:29,ST011,ELE017,3,100,300,1010
ORD1193,2021/04/25,2025,4,17:53:37,ST020,ELE017,4,100,400,1003
ORD1108,2009/08/25,2025,8,8:26:18,ST003,ELE018,3,80,240,1018
ORD0313,2016/05/25,2025,5,0:46:09,ST004,ELE018,2,80,160,1009
ORD0785,2008/08/25,2025,8,10:38:10,ST004,ELE018,1,80,80,1009
ORD0677,2012/08/25,2025,8,7:38:27,ST006,ELE018,2,80,160,1020
ORD0347,2007/11/24,2024,11,9:32:17,ST011,ELE018,1,80,80,1010
ORD1027,2008/11/24,2024,11,6:33:33,ST013,ELE018,2,80,160,1008
ORD0050,2022/12/24,2024,12,20:45:17,ST013,ELE018,5,80,400,1008
ORD0276,2002/04/25,2025,4,14:11:07,ST013,ELE018,3,80,240,1008
ORD0727,2010/06/25,2025,6,21:42:38,ST013,ELE018,1,80,80,1007
ORD0120,2008/01/25,2025,1,9:52:18,ST020,ELE018,4,80,320,1003
ORD0271,2029/08/25,2025,8,5:15:00,ST020,ELE018,2,80,160,1003
ORD0002,2016/12/24,2024,12,8:47:21,ST023,ELE018,4,80,320,1026
ORD0754,2014/07/25,2025,7,13:01:38,ST003,ELE019,3,150,450,1017
ORD0600,2026/05/25,2025,5,9:54:53,ST004,ELE019,5,150,750,1009
ORD1299,2021/07/25,2025,7,20:43:05,ST006,ELE019,5,150,750,1020
ORD1131,2009/02/25,2025,2,21:54:22,ST007,ELE019,1,150,150,1021
ORD0473,2016/08/25,2025,8,8:22:03,ST011,ELE019,5,150,750,1010
ORD0502,2001/09/25,2025,9,15:03:21,ST011,ELE019,2,150,300,1010
ORD0238,2029/11/24,2024,11,8:28:29,ST013,ELE019,4,150,600,1008
ORD1207,2017/09/25,2025,9,17:09:49,ST013,ELE019,4,150,600,1008
ORD1185,2001/10/24,2024,10,14:52:27,ST015,ELE019,1,150,150,1011
ORD0249,2024/11/24,2024,11,20:15:53,ST020,ELE019,2,150,300,1003
ORD0395,2016/11/24,2024,11,5:43:28,ST031,ELE019,5,150,750,1032
ORD0237,2025/06/25,2025,6,22:09:24,ST007,ELE020,1,300,300,1021
ORD0705,2014/06/25,2025,6,8:09:14,ST008,ELE020,5,180,900,1015
ORD0086,2018/01/25,2025,1,17:39:48,ST011,ELE020,4,300,1200,1010
ORD0409,2028/05/25,2025,5,15:46:20,ST013,ELE020,5,300,1500,1007
ORD0766,2012/07/25,2025,7,23:20:03,ST013,ELE020,4,300,1200,1007
ORD0228,2005/12/24,2024,12,14:33:44,ST015,ELE020,1,300,300,1011
ORD0551,2004/02/25,2025,2,10:35:06,ST015,ELE020,1,300,300,1012
ORD0283,2018/10/24,2024,10,6:57:37,ST018,ELE020,1,300,300,1014
ORD1055,2009/10/24,2024,10,4:45:51,ST020,ELE020,3,300,900,1004
ORD1195,2028/01/25,2025,1,9:28:46,ST022,ELE020,1,300,300,1001
ORD0317,2029/03/25,2025,3,7:59:48,ST022,ELE020,4,300,1200,1002
ORD0160,2009/05/25,2025,5,22:48:56,ST022,ELE020,3,300,900,1001
ORD1094,2025/05/25,2025,5,20:07:24,ST022,ELE020,2,300,600,1001
ORD0952,2007/06/25,2025,6,13:17:25,ST026,ELE020,5,300,1500,1028
ORD0350,2026/01/25,2025,1,11:14:20,ST029,ELE020,5,650,3250,1016
ORD0839,2019/10/24,2024,10,14:08:40,ST031,ELE020,3,300,900,1032
ORD0954,2023/05/25,2025,5,13:29:38,ST003,ELE021,2,350,700,1017
ORD0068,2025/03/25,2025,3,2:31:45,ST004,ELE021,3,350,1050,1009
ORD0370,2013/07/25,2025,7,6:08:28,ST009,ELE021,5,350,1750,1022
ORD0517,2023/04/25,2025,4,15:15:14,ST016,ELE021,1,350,350,1024
ORD0199,2011/09/25,2025,9,3:54:09,ST017,ELE021,5,350,1750,1039
ORD0659,2009/10/24,2024,10,2:57:00,ST020,ELE021,2,350,700,1003
ORD0416,2025/01/25,2025,1,11:17:44,ST020,ELE021,3,350,1050,1003
ORD0211,2021/04/25,2025,4,18:43:56,ST030,ELE021,3,350,1050,1038
ORD1298,2009/04/25,2025,4,5:09:51,ST003,ELE022,5,600,3000,1017
ORD0045,2002/07/25,2025,7,14:40:42,ST004,ELE022,1,600,600,1009
ORD0514,2022/01/25,2025,1,9:33:16,ST011,ELE022,5,600,3000,1010
ORD0247,2017/02/25,2025,2,4:31:58,ST013,ELE022,3,600,1800,1007
ORD0707,2027/02/25,2025,2,17:36:50,ST013,ELE022,2,600,1200,1008
ORD0019,2001/08/25,2025,8,19:41:04,ST013,ELE022,3,600,1800,1008
ORD0009,2004/03/25,2025,3,6:10:28,ST020,ELE022,3,600,1800,1003
ORD1162,2002/03/25,2025,3,11:38:56,ST023,ELE022,1,600,600,1026
ORD1173,2016/03/25,2025,3,13:37:59,ST031,ELE022,2,600,1200,1032
ORD0794,2002/04/25,2025,4,17:14:33,ST031,ELE022,1,600,600,1032
ORD0591,2001/02/25,2025,2,17:53:12,ST003,ELE023,5,250,1250,1018
ORD0651,2018/11/24,2024,11,9:54:57,ST004,ELE023,2,250,500,1009
ORD1218,2009/06/25,2025,6,23:54:27,ST011,ELE023,5,250,1250,1010
ORD0621,2002/08/25,2025,8,7:55:06,ST011,ELE023,1,250,250,1010
ORD0205,2003/11/24,2024,11,18:16:58,ST012,ELE023,2,250,500,1040
ORD0997,2027/01/25,2025,1,21:00:36,ST015,ELE023,1,250,250,1011
ORD0432,2005/01/25,2025,1,11:57:57,ST020,ELE023,1,250,250,1004
ORD1174,2018/05/25,2025,5,19:17:23,ST020,ELE023,5,250,1250,1003
ORD0269,2014/12/24,2024,12,16:20:20,ST022,ELE023,2,250,500,1001
ORD1272,1931/12/24,2024,12,15:27:40,ST022,ELE023,1,250,250,1002
ORD0907,2008/01/25,2025,1,7:01:59,ST022,ELE023,3,250,750,1002
ORD0351,2002/04/25,2025,4,10:31:01,ST003,ELE024,3,120,360,1017
ORD0216,2005/09/25,2025,9,13:57:42,ST011,ELE024,3,120,360,1010
ORD0047,2024/12/24,2024,12,13:29:55,ST012,ELE024,3,120,360,1040
ORD0989,2003/06/25,2025,6,18:55:47,ST013,ELE024,3,120,360,1007
ORD0202,2004/06/25,2025,6,13:11:11,ST015,ELE024,5,120,600,1012
ORD0927,2003/10/24,2024,10,16:57:21,ST018,ELE024,5,120,600,1014
ORD0692,2024/01/25,2025,1,5:06:30,ST020,ELE024,2,120,240,1003
ORD0939,2027/02/25,2025,2,13:36:59,ST020,ELE024,5,120,600,1003
ORD0826,2012/01/25,2025,1,5:38:42,ST022,ELE024,3,120,360,1001
ORD0125,2003/04/25,2025,4,22:48:01,ST022,ELE024,2,120,240,1001
ORD0640,2012/06/25,2025,6,4:04:44,ST022,ELE024,4,120,480,1001
ORD1096,2028/07/25,2025,7,17:47:47,ST022,ELE024,5,120,600,1001
ORD0204,2006/03/25,2025,3,1:43:56,ST003,ELE025,5,350,1750,1018
ORD1059,2002/06/25,2025,6,0:11:12,ST003,ELE025,2,350,700,1017
ORD0657,2010/02/25,2025,2,6:06:19,ST004,ELE025,4,350,1400,1009
ORD0257,2028/05/25,2025,5,2:30:34,ST004,ELE025,1,350,350,1009
ORD0449,2001/09/25,2025,9,0:24:21,ST006,ELE025,2,350,700,1020
ORD0552,2018/05/25,2025,5,4:12:51,ST010,ELE025,2,350,700,1023
ORD1290,2020/07/25,2025,7,22:15:12,ST013,ELE025,2,350,700,1007
ORD0018,2016/09/25,2025,9,9:21:50,ST013,ELE025,4,350,1400,1008
ORD0363,2007/11/24,2024,11,3:09:21,ST015,ELE025,2,350,700,1011
ORD1175,2027/05/25,2025,5,17:41:29,ST020,ELE025,5,350,1750,1003
ORD0573,2029/08/25,2025,8,16:31:33,ST021,ELE025,4,350,1400,1025
ORD0076,2025/02/25,2025,2,2:29:16,ST022,ELE025,5,350,1750,1001
ORD1235,2020/07/25,2025,7,23:09:56,ST003,ELE026,5,100,500,1017
ORD0446,2009/02/25,2025,2,13:08:14,ST004,ELE026,1,100,100,1009
ORD1213,2029/06/25,2025,6,13:25:56,ST004,ELE026,5,100,500,1009
ORD1102,2027/07/25,2025,7,11:28:40,ST011,ELE026,2,100,200,1010
ORD1274,2016/10/24,2024,10,23:56:53,ST013,ELE026,1,100,100,1008
ORD0176,2022/04/25,2025,4,16:09:35,ST015,ELE026,4,100,400,1011
ORD0949,2017/05/25,2025,5,15:10:47,ST015,ELE026,5,100,500,1011
ORD0096,2012/03/25,2025,3,15:35:54,ST020,ELE026,3,100,300,1003
ORD1045,2027/09/25,2025,9,20:09:07,ST020,ELE026,5,100,500,1003
ORD0448,2019/02/25,2025,2,16:17:53,ST021,ELE026,4,100,400,1025
ORD0344,2017/08/25,2025,8,0:57:07,ST022,ELE026,3,100,300,1001
ORD0863,2018/10/24,2024,10,18:18:20,ST003,ELE027,2,130,260,1017
ORD1223,2012/04/25,2025,4,21:53:30,ST003,ELE027,5,130,650,1018
ORD0178,2022/07/25,2025,7,8:51:48,ST003,ELE027,2,130,260,1017
ORD0013,2005/11/24,2024,11,10:35:58,ST005,ELE027,1,130,130,1019
ORD0191,2015/02/25,2025,2,5:08:21,ST009,ELE027,4,130,520,1022
ORD0991,2016/05/25,2025,5,5:19:27,ST011,ELE027,1,130,130,1010
ORD1143,2029/11/24,2024,11,10:06:14,ST013,ELE027,2,130,260,1007
ORD0812,2016/10/24,2024,10,1:09:55,ST015,ELE027,4,130,520,1011
ORD0179,2028/01/25,2025,1,12:00:08,ST015,ELE027,4,130,520,1011
ORD0748,2009/07/25,2025,7,17:08:57,ST015,ELE027,5,130,650,1011
ORD1284,2009/07/25,2025,7,14:40:52,ST015,ELE027,1,130,130,1012
ORD0138,1931/05/25,2025,5,20:18:50,ST026,ELE027,4,130,520,1028
ORD1000,2003/03/25,2025,3,14:05:53,ST028,ELE027,1,130,130,1030
ORD0041,2023/05/25,2025,5,19:04:16,ST031,ELE027,4,130,520,1033
ORD0985,2024/06/25,2025,6,17:08:29,ST003,ELE028,2,200,400,1017
ORD0188,2003/08/25,2025,8,22:53:51,ST004,ELE028,1,200,200,1009
ORD0841,2025/06/25,2025,6,12:15:03,ST009,ELE028,3,200,600,1022
ORD0094,2018/03/25,2025,3,23:32:23,ST011,ELE028,4,200,800,1010
ORD0960,2029/05/25,2025,5,17:58:51,ST011,ELE028,3,200,600,1010
ORD1089,2026/01/25,2025,1,18:54:47,ST013,ELE028,4,200,800,1008
ORD1064,2024/04/25,2025,4,14:16:25,ST013,ELE028,3,200,600,1008
ORD1115,1931/01/25,2025,1,9:57:53,ST020,ELE028,3,200,600,1003
ORD0695,2001/01/25,2025,1,7:51:40,ST022,ELE028,1,200,200,1001
ORD0665,2005/03/25,2025,3,8:25:12,ST022,ELE028,5,200,1000,1002
ORD0183,1930/08/25,2025,8,6:59:55,ST022,ELE028,4,200,800,1002
ORD1084,1931/08/25,2025,8,11:32:57,ST022,ELE028,1,200,200,1001
ORD1101,2021/09/25,2025,9,16:19:52,ST022,ELE028,1,200,200,1001
ORD0236,2016/12/24,2024,12,8:21:44,ST031,ELE028,4,200,800,1032
ORD0612,2019/11/24,2024,11,3:45:13,ST004,ELE029,4,1500,6000,1009
ORD0488,2027/12/24,2024,12,20:04:45,ST006,ELE029,2,1500,3000,1020
ORD0401,2008/08/25,2025,8,10:36:46,ST006,ELE029,3,1500,4500,1020
ORD1171,2023/10/24,2024,10,2:36:08,ST008,ELE029,2,900,1800,1015
ORD0614,2023/12/24,2024,12,22:04:47,ST011,ELE029,3,1500,4500,1010
ORD0979,1931/01/25,2025,1,12:01:43,ST011,ELE029,2,1500,3000,1010
ORD1098,2002/03/25,2025,3,10:02:53,ST012,ELE029,3,1500,4500,1040
ORD0380,1930/05/25,2025,5,13:27:44,ST013,ELE029,2,1500,3000,1008
ORD0685,2016/05/25,2025,5,3:29:08,ST019,ELE029,5,25,125,1034
ORD0037,2020/12/24,2024,12,0:35:51,ST020,ELE029,4,1500,6000,1004
ORD0652,2012/03/25,2025,3,6:35:49,ST021,ELE029,3,1500,4500,1025
ORD0172,2018/09/25,2025,9,8:15:35,ST022,ELE029,5,1500,7500,1001
ORD0052,2012/11/24,2024,11,19:19:08,ST003,ELE030,5,300,1500,1017
ORD1153,2007/04/25,2025,4,9:36:14,ST003,ELE030,1,300,300,1018
ORD0801,2008/12/24,2024,12,23:33:36,ST004,ELE030,2,300,600,1009
ORD0455,2026/10/24,2024,10,8:05:53,ST011,ELE030,2,300,600,1010
ORD0970,2005/02/25,2025,2,18:48:23,ST011,ELE030,1,300,300,1010
ORD0495,2006/05/25,2025,5,16:06:24,ST012,ELE030,1,300,300,1040
ORD1106,2002/09/25,2025,9,0:57:50,ST020,ELE030,2,300,600,1004
ORD0126,2021/07/25,2025,7,3:43:29,ST001,ELE031,2,1200,2400,1005
ORD1291,2013/11/24,2024,11,11:28:34,ST004,ELE031,1,1200,1200,1009
ORD1020,2022/03/25,2025,3,21:38:39,ST004,ELE031,4,1200,4800,1009
ORD0824,2015/10/24,2024,10,16:52:37,ST005,ELE031,3,1200,3600,1019
ORD0030,2003/01/25,2025,1,14:23:09,ST006,ELE031,1,1200,1200,1020
ORD1110,2014/07/25,2025,7,17:27:21,ST008,ELE031,3,300,900,1015
ORD0910,2009/06/25,2025,6,17:03:14,ST009,ELE031,2,1200,2400,1022
ORD1086,1930/11/24,2024,11,9:29:09,ST015,ELE031,1,1200,1200,1011
ORD0624,2007/02/25,2025,2,12:22:35,ST015,ELE031,3,1200,3600,1012
ORD0961,2002/05/25,2025,5,23:09:18,ST015,ELE031,2,1200,2400,1011
ORD0306,1930/03/25,2025,3,4:45:47,ST018,ELE031,3,1200,3600,1014
ORD0390,2026/06/25,2025,6,6:24:22,ST020,ELE031,4,1200,4800,1003
ORD0819,2026/06/25,2025,6,13:28:53,ST023,ELE031,3,1200,3600,1026
ORD0185,2012/07/25,2025,7,17:35:30,ST024,ELE031,3,1200,3600,1027
ORD1150,2020/06/25,2025,6,13:31:22,ST027,ELE031,1,1200,1200,1029
ORD0132,2005/11/24,2024,11,18:09:49,ST029,ELE031,4,750,3000,1016
ORD0925,2023/02/25,2025,2,13:00:09,ST031,ELE031,2,1200,2400,1031
ORD0928,2010/07/25,2025,7,19:19:49,ST006,ELE032,2,180,360,1020
ORD0901,2003/11/24,2024,11,8:08:47,ST009,ELE032,4,180,720,1022
ORD0164,2012/05/25,2025,5,2:21:54,ST009,ELE032,3,180,540,1022
ORD0466,2003/10/24,2024,10,6:31:10,ST010,ELE032,1,180,180,1023
ORD0788,2003/03/25,2025,3,2:01:40,ST011,ELE032,3,180,540,1010
ORD0437,2021/03/25,2025,3,10:50:01,ST013,ELE032,3,180,540,1007
ORD0234,2028/06/25,2025,6,11:53:25,ST013,ELE032,1,180,180,1008
ORD0966,2020/03/25,2025,3,4:12:41,ST015,ELE032,5,180,900,1011
ORD0701,2008/07/25,2025,7,11:15:07,ST015,ELE032,1,180,180,1011
ORD0242,2015/03/25,2025,3,18:42:53,ST020,ELE032,1,180,180,1003
ORD0217,2013/04/25,2025,4,6:01:42,ST022,ELE032,3,180,540,1001
ORD0791,2018/06/25,2025,6,18:28:49,ST022,ELE032,5,180,900,1001
ORD0955,2028/02/25,2025,2,19:13:33,ST030,ELE032,2,180,360,1038
ORD0693,2004/10/24,2024,10,9:41:36,ST003,ELE033,2,250,500,1018
ORD0054,2019/12/24,2024,12,23:04:46,ST003,ELE033,4,250,1000,1018
ORD0451,2021/07/25,2025,7,23:33:35,ST004,ELE033,4,250,1000,1009
ORD0456,2004/09/25,2025,9,22:56:32,ST004,ELE033,4,250,1000,1009
ORD0388,1931/01/25,2025,1,2:26:35,ST009,ELE033,4,250,1000,1022
ORD0837,2020/07/25,2025,7,3:55:54,ST011,ELE033,5,250,1250,1010
ORD0891,2021/10/24,2024,10,10:20:02,ST013,ELE033,2,250,500,1008
ORD1160,1930/08/25,2025,8,3:18:31,ST013,ELE033,1,250,250,1007
ORD0023,2025/01/25,2025,1,8:59:46,ST015,ELE033,1,250,250,1011
ORD0133,2026/08/25,2025,8,2:47:27,ST015,ELE033,2,250,500,1011
ORD0804,2010/09/25,2025,9,22:33:25,ST015,ELE033,1,250,250,1011
ORD0418,2017/07/25,2025,7,22:57:58,ST021,ELE033,1,250,250,1025
ORD0903,2023/11/24,2024,11,12:26:05,ST022,ELE033,2,250,500,1001
ORD0623,2001/07/25,2025,7,19:09:15,ST024,ELE033,2,250,500,1027
ORD0956,2010/01/25,2025,1,12:26:19,ST004,ELE034,3,800,2400,1009
ORD0626,2025/04/25,2025,4,17:50:45,ST004,ELE034,3,800,2400,1009
ORD0510,1931/03/25,2025,3,12:41:42,ST006,ELE034,4,800,3200,1020
ORD0168,2016/08/25,2025,8,17:39:42,ST009,ELE034,3,800,2400,1022
ORD1227,2008/10/24,2024,10,8:06:38,ST011,ELE034,1,800,800,1010
ORD1047,2026/05/25,2025,5,22:21:25,ST013,ELE034,3,800,2400,1008
ORD0035,2026/06/25,2025,6,15:24:41,ST013,ELE034,5,800,4000,1007
ORD1050,2023/03/25,2025,3,18:50:42,ST020,ELE034,4,800,3200,1003
ORD0868,2017/02/25,2025,2,17:50:02,ST021,ELE034,2,800,1600,1025
ORD1169,2008/12/24,2024,12,3:44:27,ST031,ELE034,4,800,3200,1033
ORD0462,2007/01/25,2025,1,9:38:17,ST031,ELE034,2,800,1600,1033
ORD0752,2016/10/24,2024,10,4:39:04,ST004,ELE035,3,50,150,1009
ORD0492,2018/05/25,2025,5,8:10:56,ST004,ELE035,3,50,150,1009
ORD0937,2028/09/25,2025,9,12:36:00,ST004,ELE035,3,50,150,1009
ORD0357,2003/01/25,2025,1,23:01:44,ST006,ELE035,5,50,250,1020
ORD0971,2021/04/25,2025,4,19:21:37,ST007,ELE035,3,50,150,1021
ORD1288,2012/04/25,2025,4,0:19:36,ST009,ELE035,2,50,100,1022
ORD1093,2026/05/25,2025,5,21:18:02,ST009,ELE035,4,50,200,1022
ORD0004,2012/10/24,2024,10,21:48:04,ST011,ELE035,2,50,100,1010
ORD0302,2026/10/24,2024,10,3:23:48,ST012,ELE035,4,50,200,1040
ORD0962,2005/12/24,2024,12,16:08:13,ST013,ELE035,3,50,150,1007
ORD0931,2017/02/25,2025,2,11:21:57,ST013,ELE035,2,50,100,1008
ORD0058,2012/06/25,2025,6,3:42:22,ST013,ELE035,4,50,200,1007
ORD0842,1930/04/25,2025,4,0:05:38,ST015,ELE035,2,50,100,1011
ORD1177,2019/09/25,2025,9,21:05:49,ST017,ELE035,4,50,200,1039
ORD0402,2017/07/25,2025,7,11:05:06,ST002,FUR001,4,450,1800,1013
ORD0724,2026/09/25,2025,9,17:28:41,ST003,FUR001,1,450,450,1017
ORD1166,2026/11/24,2024,11,20:17:52,ST004,FUR001,5,450,2250,1009
ORD1206,2021/05/25,2025,5,4:38:54,ST004,FUR001,5,450,2250,1009
ORD0074,2002/09/25,2025,9,0:10:56,ST004,FUR001,5,450,2250,1009
ORD0584,1930/10/24,2024,10,1:32:49,ST005,FUR001,4,450,1800,1019
ORD0109,2027/05/25,2025,5,17:05:25,ST005,FUR001,2,450,900,1019
ORD0582,2001/08/25,2025,8,3:29:59,ST006,FUR001,3,450,1350,1020
ORD1208,2028/10/24,2024,10,8:18:07,ST007,FUR001,1,450,450,1021
ORD0519,2012/08/25,2025,8,11:29:31,ST007,FUR001,3,450,1350,1021
ORD0926,2002/02/25,2025,2,21:14:11,ST011,FUR001,2,450,900,1010
ORD0005,2016/05/25,2025,5,1:42:47,ST011,FUR001,2,450,900,1010
ORD0480,2008/04/25,2025,4,9:55:03,ST013,FUR001,4,450,1800,1008
ORD1189,2015/05/25,2025,5,21:40:47,ST015,FUR001,5,450,2250,1011
ORD0660,2001/06/25,2025,6,17:03:21,ST015,FUR001,2,450,900,1011
ORD0710,2009/08/25,2025,8,16:55:47,ST015,FUR001,4,450,1800,1011
ORD0942,2019/05/25,2025,5,3:45:48,ST020,FUR001,5,450,2250,1003
ORD0284,2025/02/25,2025,2,21:08:13,ST022,FUR001,5,450,2250,1002
ORD0244,2024/09/25,2025,9,8:59:26,ST027,FUR001,3,450,1350,1029
ORD1035,2007/10/24,2024,10,20:01:32,ST003,FUR002,1,1200,1200,1017
ORD0012,2023/11/24,2024,11,9:43:44,ST003,FUR002,3,1200,3600,1017
ORD0329,2004/05/25,2025,5,18:23:10,ST004,FUR002,2,1200,2400,1009
ORD0532,2026/05/25,2025,5,9:12:46,ST004,FUR002,3,1200,3600,1009
ORD0810,2011/06/25,2025,6,2:23:55,ST004,FUR002,1,1200,1200,1009
ORD0411,2009/09/25,2025,9,13:02:23,ST006,FUR002,4,1200,4800,1020
ORD0485,2024/05/25,2025,5,11:40:37,ST011,FUR002,2,1200,2400,1010
ORD0083,2010/07/25,2025,7,6:57:27,ST011,FUR002,5,1200,6000,1010
ORD0223,2019/07/25,2025,7,12:18:58,ST011,FUR002,5,1200,6000,1010
ORD1003,2014/08/25,2025,8,23:36:36,ST011,FUR002,5,1200,6000,1010
ORD1240,2029/03/25,2025,3,14:25:09,ST013,FUR002,1,1200,1200,1008
ORD0572,2023/10/24,2024,10,15:28:09,ST015,FUR002,1,1200,1200,1011
ORD0482,2021/02/25,2025,2,1:31:47,ST018,FUR002,1,1200,1200,1014
ORD1154,2011/01/25,2025,1,16:23:31,ST022,FUR002,5,1200,6000,1001
ORD0996,2008/09/25,2025,9,3:13:02,ST022,FUR002,5,1200,6000,1002
ORD0516,2028/08/25,2025,8,9:21:42,ST006,FUR003,4,800,3200,1020
ORD0481,2010/08/25,2025,8,10:37:53,ST010,FUR003,1,800,800,1023
ORD0699,2024/12/24,2024,12,2:53:45,ST011,FUR003,2,800,1600,1010
ORD0436,2023/09/25,2025,9,17:55:22,ST011,FUR003,5,800,4000,1010
ORD0358,2014/07/25,2025,7,11:11:04,ST012,FUR003,1,800,800,1040
ORD0768,2005/01/25,2025,1,22:58:10,ST015,FUR003,3,800,2400,1011
ORD0061,2013/07/25,2025,7,13:41:42,ST020,FUR003,3,800,2400,1003
ORD0246,2021/05/25,2025,5,19:28:53,ST022,FUR003,5,800,4000,1001
ORD0255,2015/11/24,2024,11,10:39:05,ST031,FUR003,5,800,4000,1032
ORD1275,2013/03/25,2025,3,9:49:08,ST003,FUR004,2,150,300,1018
ORD0783,1931/03/25,2025,3,21:28:23,ST011,FUR004,3,150,450,1010
ORD0493,2006/05/25,2025,5,23:12:59,ST015,FUR004,3,150,450,1011
ORD0162,2019/08/25,2025,8,23:37:23,ST015,FUR004,4,150,600,1011
ORD1065,2011/05/25,2025,5,21:50:47,ST016,FUR004,2,150,300,1024
ORD0405,2025/06/25,2025,6,17:20:03,ST016,FUR004,3,150,450,1024
ORD0675,2023/12/24,2024,12,5:24:37,ST003,FUR005,3,200,600,1017
ORD0935,1930/12/24,2024,12,7:15:29,ST004,FUR005,4,200,800,1009
ORD0403,2025/08/25,2025,8,2:14:09,ST006,FUR005,5,200,1000,1020
ORD0873,2011/11/24,2024,11,5:12:57,ST009,FUR005,1,200,200,1022
ORD0566,2002/01/25,2025,1,18:36:20,ST010,FUR005,1,200,200,1023
ORD1129,2013/06/25,2025,6,9:05:48,ST011,FUR005,1,200,200,1010
ORD0038,2011/11/24,2024,11,18:49:34,ST012,FUR005,1,200,200,1040
ORD0855,2024/04/25,2025,4,19:58:56,ST022,FUR005,1,200,200,1002
ORD1030,2009/05/25,2025,5,11:01:48,ST027,FUR005,5,200,1000,1029
ORD0883,2017/07/25,2025,7,13:49:10,ST031,FUR005,4,200,800,1031
ORD0696,2009/02/25,2025,2,6:02:34,ST003,FUR006,4,180,720,1017
ORD0637,2022/05/25,2025,5,16:58:41,ST003,FUR006,3,180,540,1017
ORD0579,2014/10/24,2024,10,2:33:53,ST004,FUR006,5,180,900,1009
ORD1222,2021/03/25,2025,3,7:15:54,ST004,FUR006,2,180,360,1009
ORD1262,2011/09/25,2025,9,19:13:29,ST005,FUR006,5,180,900,1019
ORD0604,2011/09/25,2025,9,2:53:25,ST005,FUR006,3,180,540,1019
ORD1286,2014/04/25,2025,4,22:08:58,ST006,FUR006,2,180,360,1020
ORD0988,2004/06/25,2025,6,16:18:21,ST006,FUR006,2,180,360,1020
ORD0816,2027/04/25,2025,4,14:06:39,ST007,FUR006,3,180,540,1021
ORD1118,2004/05/25,2025,5,13:24:23,ST007,FUR006,5,180,900,1021
ORD0082,2006/11/24,2024,11,2:22:25,ST008,FUR006,5,190,950,1015
ORD0154,2007/07/25,2025,7,14:46:46,ST014,FUR006,5,180,900,1036
ORD0964,2006/01/25,2025,1,6:35:55,ST015,FUR006,2,180,360,1012
ORD0932,2029/06/25,2025,6,4:04:06,ST015,FUR006,5,180,900,1011
ORD0075,2002/04/25,2025,4,16:56:54,ST019,FUR006,5,850,4250,1034
ORD0797,2028/02/25,2025,2,2:55:37,ST020,FUR006,2,180,360,1003
ORD0540,2022/09/25,2025,9,16:18:23,ST022,FUR006,4,180,720,1001
ORD0827,2013/01/25,2025,1,17:50:36,ST004,FUR007,4,600,2400,1009
ORD0553,1930/08/25,2025,8,3:08:57,ST004,FUR007,1,600,600,1009
ORD0674,2018/04/25,2025,4,5:46:51,ST007,FUR007,1,600,600,1021
ORD0613,2024/10/24,2024,10,19:07:23,ST013,FUR007,2,600,1200,1008
ORD0813,2009/03/25,2025,3,2:45:31,ST013,FUR007,2,600,1200,1008
ORD0469,2008/09/25,2025,9,13:33:35,ST015,FUR007,3,600,1800,1011
ORD0565,2025/07/25,2025,7,5:29:21,ST017,FUR007,1,600,600,1039
ORD0304,2007/01/25,2025,1,14:41:04,ST027,FUR007,4,600,2400,1029
ORD0033,2024/05/25,2025,5,1:50:42,ST031,FUR007,2,600,1200,1031
ORD0230,2020/09/25,2025,9,23:02:48,ST031,FUR007,1,600,600,1031
ORD1167,2012/12/24,2024,12,9:32:59,ST009,FUR008,2,90,180,1022
ORD0672,2006/05/25,2025,5,20:12:58,ST011,FUR008,1,90,90,1010
ORD0315,2027/10/24,2024,10,11:36:51,ST013,FUR008,2,90,180,1008
ORD0767,2017/02/25,2025,2,21:07:42,ST013,FUR008,3,90,270,1007
ORD0763,2027/01/25,2025,1,20:22:58,ST015,FUR008,1,90,90,1011
ORD1260,2026/02/25,2025,2,6:43:48,ST015,FUR008,5,90,450,1012
ORD0381,2021/09/25,2025,9,10:52:52,ST015,FUR008,1,90,90,1011
ORD0034,2005/09/25,2025,9,9:18:27,ST022,FUR008,3,90,270,1001
ORD0294,2012/09/25,2025,9,12:06:44,ST022,FUR008,4,90,360,1001
ORD0731,2028/08/25,2025,8,8:46:31,ST023,FUR008,3,90,270,1026
ORD0036,2002/08/25,2025,8,14:40:08,ST004,FUR009,2,350,700,1009
ORD0756,2014/11/24,2024,11,7:17:02,ST011,FUR009,1,350,350,1010
ORD1079,2006/06/25,2025,6,4:49:19,ST012,FUR009,4,350,1400,1040
ORD0560,2022/01/25,2025,1,18:44:38,ST015,FUR009,1,350,350,1011
ORD1038,2022/12/24,2024,12,20:25:04,ST020,FUR009,4,350,1400,1003
ORD0235,2005/09/25,2025,9,10:05:18,ST022,FUR009,2,350,700,1002
ORD0890,2026/09/25,2025,9,13:20:56,ST022,FUR009,3,350,1050,1001
ORD0070,2022/07/25,2025,7,22:50:05,ST025,FUR009,5,350,1750,1037
ORD1294,2024/05/25,2025,5,1:37:58,ST031,FUR009,2,350,700,1032
ORD0105,2010/12/24,2024,12,13:45:42,ST001,FUR010,4,250,1000,1005
ORD0366,2028/02/25,2025,2,14:13:50,ST003,FUR010,3,250,750,1018
ORD1116,2027/04/25,2025,4,1:25:30,ST003,FUR010,3,250,750,1017
ORD0400,2004/10/24,2024,10,12:01:39,ST004,FUR010,5,250,1250,1009
ORD1007,2023/10/24,2024,10,3:54:40,ST004,FUR010,5,250,1250,1009
ORD0464,2004/06/25,2025,6,18:36:08,ST004,FUR010,1,250,250,1009
ORD0886,2022/03/25,2025,3,17:52:50,ST007,FUR010,3,250,750,1021
ORD0976,2021/03/25,2025,3,21:46:39,ST011,FUR010,3,250,750,1010
ORD0780,2018/11/24,2024,11,5:44:07,ST012,FUR010,5,250,1250,1040
ORD0802,2002/05/25,2025,5,9:44:10,ST020,FUR010,4,250,1000,1003
ORD0549,2018/10/24,2024,10,16:04:58,ST022,FUR010,5,250,1250,1001
ORD0024,2016/02/25,2025,2,12:40:34,ST022,FUR010,3,250,750,1001
ORD1278,2016/10/24,2024,10,2:04:10,ST028,FUR010,5,250,1250,1030
ORD0888,2011/03/25,2025,3,23:16:04,ST004,FUR011,2,400,800,1009
ORD0574,2025/07/25,2025,7,7:14:09,ST004,FUR011,3,400,1200,1009
ORD0280,2028/05/25,2025,5,19:29:36,ST011,FUR011,4,400,1600,1010
ORD0601,2026/11/24,2024,11,13:39:39,ST013,FUR011,4,400,1600,1007
ORD0735,2006/12/24,2024,12,17:39:07,ST013,FUR011,1,400,400,1008
ORD0850,2002/12/24,2024,12,3:23:10,ST015,FUR011,1,400,400,1011
ORD0872,2023/04/25,2025,4,14:18:44,ST020,FUR011,3,400,1200,1003
ORD0879,2001/05/25,2025,5,3:41:06,ST020,FUR011,3,400,1200,1004
ORD0691,2016/07/25,2025,7,17:11:43,ST020,FUR011,4,400,1600,1003
ORD0840,2011/03/25,2025,3,16:09:15,ST021,FUR011,1,400,400,1025
ORD1111,2018/10/24,2024,10,17:59:17,ST024,FUR011,4,400,1600,1027
ORD1083,2023/06/25,2025,6,17:11:04,ST027,FUR011,5,400,2000,1029
ORD0500,2001/08/25,2025,8,3:14:30,ST027,FUR011,2,400,800,1029
ORD0343,2026/10/24,2024,10,7:47:13,ST031,FUR011,5,400,2000,1032
ORD0063,2012/08/25,2025,8,14:02:06,ST031,FUR011,1,400,400,1032
ORD0143,2018/10/24,2024,10,1:06:57,ST003,FUR012,5,900,4500,1017
ORD0558,2002/05/25,2025,5,19:37:17,ST003,FUR012,2,900,1800,1017
ORD1247,2007/05/25,2025,5,3:03:43,ST003,FUR012,2,900,1800,1017
ORD0166,2011/05/25,2025,5,2:31:36,ST003,FUR012,4,900,3600,1017
ORD0325,2007/07/25,2025,7,10:53:44,ST004,FUR012,5,900,4500,1009
ORD0864,1931/03/25,2025,3,18:10:04,ST009,FUR012,5,900,4500,1022
ORD1148,2028/11/24,2024,11,22:04:27,ST011,FUR012,2,900,1800,1010
ORD0314,2016/07/25,2025,7,11:27:16,ST011,FUR012,1,900,900,1010
ORD1279,2003/11/24,2024,11,6:54:07,ST022,FUR012,5,900,4500,1001
ORD0140,2020/08/25,2025,8,11:36:57,ST022,FUR012,4,900,3600,1001
ORD0513,2013/01/25,2025,1,23:33:47,ST027,FUR012,5,900,4500,1029
ORD1196,2026/09/25,2025,9,4:25:16,ST003,FUR013,1,500,500,1017
ORD0521,2019/01/25,2025,1,2:15:06,ST007,FUR013,3,500,1500,1021
ORD0642,2021/04/25,2025,4,13:01:03,ST007,FUR013,1,500,500,1021
ORD0836,2012/08/25,2025,8,23:28:58,ST007,FUR013,4,500,2000,1021
ORD0742,2007/07/25,2025,7,20:03:58,ST009,FUR013,2,500,1000,1022
ORD1267,2013/10/24,2024,10,14:01:59,ST011,FUR013,5,500,2500,1010
ORD0718,2022/12/24,2024,12,13:20:03,ST011,FUR013,3,500,1500,1010
ORD0148,2006/11/24,2024,11,1:56:57,ST013,FUR013,3,500,1500,1008
ORD0592,2023/12/24,2024,12,12:28:54,ST013,FUR013,5,500,2500,1008
ORD0010,2024/08/25,2025,8,12:05:09,ST016,FUR013,1,500,500,1024
ORD0529,2011/09/25,2025,9,1:20:21,ST020,FUR013,1,500,500,1003
ORD0562,2019/10/24,2024,10,10:26:47,ST031,FUR013,4,500,2000,1033
ORD1122,2008/03/25,2025,3,14:35:07,ST005,FUR014,3,200,600,1019
ORD0354,2008/09/25,2025,9,11:54:41,ST013,FUR014,2,200,400,1008
ORD1200,2010/09/25,2025,9,2:42:40,ST015,FUR014,2,200,400,1011
ORD1081,2021/02/25,2025,2,8:33:22,ST020,FUR014,1,200,200,1004
ORD1215,2024/03/25,2025,3,7:22:28,ST022,FUR014,4,200,800,1002
ORD0644,2012/08/25,2025,8,22:51:06,ST025,FUR014,2,200,400,1037
ORD0153,2014/10/24,2024,10,1:11:34,ST004,FUR015,3,220,660,1009
ORD0352,2005/04/25,2025,4,2:27:02,ST004,FUR015,4,220,880,1009
ORD0117,2017/08/25,2025,8,21:09:21,ST004,FUR015,2,220,440,1009
ORD0944,2001/10/24,2024,10,1:53:50,ST009,FUR015,5,220,1100,1022
ORD1178,2022/04/25,2025,4,7:13:39,ST009,FUR015,1,220,220,1022
ORD0646,2018/05/25,2025,5,9:43:39,ST011,FUR015,4,220,880,1010
ORD0146,2021/05/25,2025,5,4:04:44,ST011,FUR015,2,220,440,1010
ORD0031,2029/10/24,2024,10,13:09:13,ST013,FUR015,2,220,440,1007
ORD0738,2023/09/25,2025,9,17:00:45,ST013,FUR015,4,220,880,1007
ORD0773,2020/04/25,2025,4,0:51:45,ST015,FUR015,4,220,880,1011
ORD0245,2001/08/25,2025,8,9:56:58,ST015,FUR015,5,220,1100,1011
ORD1241,2025/01/25,2025,1,12:28:07,ST022,FUR015,3,220,660,1002
ORD0308,2014/04/25,2025,4,16:32:39,ST028,FUR015,2,220,440,1030
ORD0296,1930/07/25,2025,7,6:31:17,ST003,FUR016,1,190,190,1018
ORD0563,2020/10/24,2024,10,17:36:11,ST004,FUR016,4,190,760,1009
ORD0587,2019/01/25,2025,1,12:45:13,ST004,FUR016,2,190,380,1009
ORD0880,2024/04/25,2025,4,21:01:20,ST007,FUR016,5,190,950,1021
ORD1243,2012/03/25,2025,3,19:49:50,ST011,FUR016,4,190,760,1010
ORD0113,2023/03/25,2025,3,10:44:10,ST011,FUR016,5,190,950,1010
ORD0629,2008/04/25,2025,4,8:52:34,ST011,FUR016,2,190,380,1010
ORD0747,2004/05/25,2025,5,2:47:33,ST011,FUR016,2,190,380,1010
ORD0373,2013/05/25,2025,5,17:48:37,ST011,FUR016,3,190,570,1010
ORD0728,2015/07/25,2025,7,4:45:29,ST012,FUR016,1,190,190,1040
ORD0072,2029/04/25,2025,4,12:16:57,ST013,FUR016,3,190,570,1008
ORD0427,2002/05/25,2025,5,2:46:36,ST020,FUR016,3,190,570,1003
ORD0270,2014/12/24,2024,12,7:36:29,ST026,FUR016,3,190,570,1028
ORD0806,2015/09/25,2025,9,8:48:03,ST027,FUR016,5,190,950,1029
ORD0658,2014/01/25,2025,1,13:52:24,ST030,FUR016,1,190,190,1038
ORD0851,2005/04/25,2025,4,16:37:15,ST031,FUR016,5,190,950,1032
ORD1107,2009/01/25,2025,1,4:32:43,ST003,FUR017,1,650,650,1017
ORD0186,2018/12/24,2024,12,13:26:00,ST004,FUR017,2,650,1300,1009
ORD0561,2002/07/25,2025,7,19:05:42,ST004,FUR017,2,650,1300,1009
ORD0305,2018/04/25,2025,4,11:18:41,ST011,FUR017,3,650,1950,1010
ORD1142,2029/12/24,2024,12,3:54:52,ST013,FUR017,3,650,1950,1008
ORD0846,1931/07/25,2025,7,23:23:57,ST013,FUR017,1,650,650,1007
ORD0397,2005/11/24,2024,11,13:52:10,ST022,FUR017,4,650,2600,1002
ORD1037,2024/06/25,2025,6,16:45:37,ST026,FUR017,4,650,2600,1028
ORD0557,2017/06/25,2025,6,17:39:25,ST031,FUR017,2,650,1300,1033
ORD0577,2016/07/25,2025,7,18:24:38,ST031,FUR017,1,650,650,1031
ORD1209,2013/02/25,2025,2,8:16:49,ST001,FUR018,3,100,300,1006
ORD0150,2020/02/25,2025,2,23:42:40,ST005,FUR018,4,100,400,1019
ORD1022,2026/07/25,2025,7,1:05:24,ST011,FUR018,2,100,200,1010
ORD0874,2020/09/25,2025,9,18:15:49,ST011,FUR018,5,100,500,1010
ORD1265,1930/10/24,2024,10,21:42:13,ST013,FUR018,5,100,500,1007
ORD0898,2014/12/24,2024,12,14:12:06,ST020,FUR018,1,100,100,1004
ORD0293,2024/03/25,2025,3,1:10:43,ST022,FUR018,2,100,200,1002
ORD0834,2015/05/25,2025,5,21:02:37,ST022,FUR018,5,100,500,1002
ORD0336,2008/08/25,2025,8,21:53:09,ST031,FUR018,5,100,500,1032
ORD1130,2019/10/24,2024,10,10:52:36,ST003,FUR019,5,370,1850,1017
ORD0261,2027/01/25,2025,1,14:57:08,ST003,FUR019,1,370,370,1017
ORD0975,2006/02/25,2025,2,17:06:55,ST004,FUR019,5,370,1850,1009
ORD1249,2007/06/25,2025,6,11:23:58,ST004,FUR019,5,370,1850,1009
ORD0831,2011/04/25,2025,4,8:47:09,ST005,FUR019,2,370,740,1019
ORD0593,2003/08/25,2025,8,23:06:23,ST005,FUR019,3,370,1110,1019
ORD0720,2002/01/25,2025,1,14:09:13,ST009,FUR019,2,370,740,1022
ORD0814,2010/04/25,2025,4,9:36:45,ST011,FUR019,2,370,740,1010
ORD1244,2008/05/25,2025,5,23:29:51,ST011,FUR019,2,370,740,1010
ORD0965,2016/02/25,2025,2,9:47:02,ST013,FUR019,2,370,740,1007
ORD0333,2017/07/25,2025,7,14:03:57,ST013,FUR019,5,370,1850,1008
ORD1170,1931/07/25,2025,7,0:09:37,ST015,FUR019,3,370,1110,1012
ORD1163,2011/08/25,2025,8,14:15:01,ST015,FUR019,1,370,370,1011
ORD0694,2001/05/25,2025,5,21:17:34,ST020,FUR019,3,370,1110,1003
ORD0723,2012/09/25,2025,9,11:32:36,ST020,FUR019,1,370,370,1003
ORD0345,2023/11/24,2024,11,21:31:24,ST011,FUR020,5,300,1500,1010
ORD0099,2008/07/25,2025,7,1:26:55,ST011,FUR020,2,300,600,1010
ORD0087,2026/07/25,2025,7,11:45:44,ST011,FUR020,4,300,1200,1010
ORD0392,2013/01/25,2025,1,7:32:58,ST012,FUR020,1,300,300,1040
ORD0808,2002/01/25,2025,1,22:38:51,ST013,FUR020,4,300,1200,1008
ORD0597,2021/03/25,2025,3,1:17:34,ST013,FUR020,2,300,600,1007
ORD0687,2024/05/25,2025,5,22:50:25,ST015,FUR020,5,300,1500,1011
ORD0811,2011/08/25,2025,8,15:16:53,ST016,FUR020,1,300,300,1024
ORD1287,2018/10/24,2024,10,15:02:28,ST017,FUR020,4,300,1200,1039
ORD0744,2022/07/25,2025,7,18:34:27,ST023,FUR020,3,300,900,1026
ORD1132,2025/03/25,2025,3,23:50:07,ST031,FUR020,1,300,300,1032
ORD0285,2014/05/25,2025,5,23:22:59,ST031,FUR020,5,300,1500,1031
ORD0650,2014/10/24,2024,10,23:37:32,ST003,FUR021,1,550,550,1017
ORD0589,1930/11/24,2024,11,4:38:44,ST005,FUR021,2,550,1100,1019
ORD0609,2006/10/24,2024,10,1:38:35,ST007,FUR021,2,550,1100,1021
ORD0181,2005/07/25,2025,7,13:55:03,ST007,FUR021,2,550,1100,1021
ORD0239,2002/10/24,2024,10,23:13:21,ST009,FUR021,4,550,2200,1022
ORD1158,2020/04/25,2025,4,10:11:41,ST011,FUR021,1,550,550,1010
ORD0156,2014/01/25,2025,1,17:11:24,ST013,FUR021,1,550,550,1008
ORD0182,2005/04/25,2025,4,14:31:29,ST015,FUR021,2,550,1100,1011
ORD0871,2028/07/25,2025,7,19:55:03,ST015,FUR021,2,550,1100,1011
ORD0712,2024/10/24,2024,10,10:50:03,ST018,FUR021,4,550,2200,1014
ORD0778,2015/05/25,2025,5,19:50:00,ST020,FUR021,3,550,1650,1003
ORD0026,2029/07/25,2025,7,6:23:41,ST022,FUR021,4,550,2200,1002
ORD0321,2023/01/25,2025,1,19:32:59,ST027,FUR021,1,550,550,1029
ORD0071,2008/02/25,2025,2,1:57:49,ST028,FUR021,4,550,2200,1030
ORD1300,1930/10/24,2024,10,13:39:49,ST003,FUR022,1,1300,1300,1017
ORD0011,2018/09/25,2025,9,17:46:25,ST004,FUR022,3,1300,3900,1009
ORD0771,1930/04/25,2025,4,13:13:23,ST007,FUR022,5,1300,6500,1021
ORD0263,2028/05/25,2025,5,15:39:03,ST007,FUR022,2,1300,2600,1021
ORD0938,2024/12/24,2024,12,13:38:22,ST013,FUR022,4,1300,5200,1008
ORD1015,2005/01/25,2025,1,16:20:15,ST015,FUR022,4,1300,5200,1011
ORD0793,2011/06/25,2025,6,17:11:41,ST016,FUR022,5,1300,6500,1024
ORD1226,2015/12/24,2024,12,6:29:40,ST020,FUR022,3,1300,3900,1003
ORD0789,2009/02/25,2025,2,23:09:05,ST020,FUR022,5,1300,6500,1003
ORD0887,1931/08/25,2025,8,6:45:52,ST020,FUR022,4,1300,5200,1003
ORD0655,2019/10/24,2024,10,3:37:19,ST021,FUR022,3,1300,3900,1025
ORD0523,2023/01/25,2025,1,12:38:50,ST022,FUR022,1,1300,1300,1002
ORD0995,2028/06/25,2025,6,21:46:54,ST023,FUR022,5,1300,6500,1026
ORD0580,2010/03/25,2025,3,7:25:58,ST024,FUR022,3,1300,3900,1027
ORD0192,2024/12/24,2024,12,20:52:35,ST031,FUR022,4,1300,5200,1033
ORD0260,2026/11/24,2024,11,17:41:44,ST002,FUR023,1,600,600,1013
ORD0575,2023/10/24,2024,10,16:54:11,ST004,FUR023,3,600,1800,1009
ORD0882,1930/07/25,2025,7,10:38:33,ST004,FUR023,1,600,600,1009
ORD1252,2019/11/24,2024,11,3:07:20,ST005,FUR023,3,600,1800,1019
ORD0250,2006/03/25,2025,3,20:35:09,ST005,FUR023,1,600,600,1019
ORD1074,2021/01/25,2025,1,20:10:08,ST011,FUR023,3,600,1800,1010
ORD0590,2016/03/25,2025,3,19:40:16,ST015,FUR023,1,600,600,1012
ORD0506,2023/10/24,2024,10,13:49:00,ST022,FUR023,2,600,1200,1002
ORD0429,2024/11/24,2024,11,12:40:50,ST022,FUR023,1,600,600,1001
ORD0332,2027/02/25,2025,2,16:06:21,ST027,FUR023,4,600,2400,1029
ORD0512,2023/10/24,2024,10,18:44:55,ST031,FUR023,3,600,1800,1032
ORD0141,2016/02/25,2025,2,20:20:21,ST031,FUR023,5,600,3000,1033
ORD0690,2018/05/25,2025,5,8:33:00,ST004,FUR024,3,180,540,1009
ORD0775,2001/09/25,2025,9,14:46:00,ST012,FUR024,5,180,900,1040
ORD0330,2003/11/24,2024,11,11:14:29,ST013,FUR024,2,180,360,1008
ORD1052,2004/06/25,2025,6,5:45:03,ST013,FUR024,2,180,360,1007
ORD0134,2029/06/25,2025,6,1:16:11,ST013,FUR024,1,180,180,1008
ORD0028,2021/11/24,2024,11,18:35:36,ST015,FUR024,1,180,180,1011
ORD0079,2010/09/25,2025,9,20:29:07,ST015,FUR024,4,180,720,1011
ORD1192,2017/02/25,2025,2,4:23:52,ST020,FUR024,2,180,360,1003
ORD1155,2003/04/25,2025,4,7:03:22,ST020,FUR024,1,180,180,1003
ORD0487,2027/04/25,2025,4,8:31:01,ST020,FUR024,4,180,720,1003
ORD0171,2005/12/24,2024,12,8:13:46,ST022,FUR024,2,180,360,1001
ORD0994,2028/04/25,2025,4,8:50:50,ST025,FUR024,5,180,900,1037
ORD0983,2002/02/25,2025,2,11:12:05,ST026,FUR024,3,180,540,1028
ORD1067,2018/06/25,2025,6,4:49:26,ST027,FUR024,2,180,360,1029
ORD0530,2025/11/24,2024,11,13:00:23,ST028,FUR024,1,180,180,1030
ORD0618,2027/08/25,2025,8,19:17:30,ST004,FUR025,4,210,840,1009
ORD1280,2002/03/25,2025,3,11:22:59,ST008,FUR025,3,250,750,1015
ORD0316,2005/12/24,2024,12,11:25:54,ST015,FUR025,2,210,420,1011
ORD0711,2012/05/25,2025,5,17:43:27,ST015,FUR025,4,210,840,1011
ORD0936,2006/12/24,2024,12,9:49:39,ST020,FUR025,4,210,840,1003
ORD0292,2022/12/24,2024,12,21:50:01,ST020,FUR025,2,210,420,1003
ORD1285,2019/07/25,2025,7,18:30:45,ST020,FUR025,1,210,210,1003
ORD0503,1930/07/25,2025,7,17:33:33,ST020,FUR025,5,210,1050,1003
ORD0739,2011/09/25,2025,9,18:46:55,ST020,FUR025,1,210,210,1003
ORD0957,1930/01/25,2025,1,1:35:02,ST022,FUR025,1,210,210,1001
ORD0379,1931/08/25,2025,8,6:17:01,ST022,FUR025,3,210,630,1002
ORD0605,2015/12/24,2024,12,11:43:52,ST024,FUR025,5,210,1050,1027
ORD0208,2018/12/24,2024,12,0:11:20,ST026,FUR025,5,210,1050,1028
ORD0653,2004/05/25,2025,5,14:53:43,ST029,FUR025,3,50,150,1016
ORD0542,2014/01/25,2025,1,10:22:20,ST003,FUR026,3,170,510,1017
ORD1277,2021/07/25,2025,7,21:25:23,ST004,FUR026,4,170,680,1009
ORD1068,2016/12/24,2024,12,0:41:07,ST005,FUR026,1,170,170,1019
ORD0615,2021/06/25,2025,6,0:37:28,ST010,FUR026,1,170,170,1023
ORD0676,2026/04/25,2025,4,23:07:54,ST011,FUR026,3,170,510,1010
ORD0969,2023/04/25,2025,4,18:47:37,ST013,FUR026,1,170,170,1008
ORD0912,2006/12/24,2024,12,1:35:35,ST020,FUR026,5,170,850,1003
ORD1198,2029/11/24,2024,11,0:21:54,ST022,FUR026,2,170,340,1001
ORD0967,2029/05/25,2025,5,14:42:58,ST028,FUR026,2,170,340,1030
ORD0870,2019/03/25,2025,3,3:06:17,ST003,FUR027,2,700,1400,1018
ORD0289,2027/09/25,2025,9,1:42:42,ST003,FUR027,1,700,700,1017
ORD0198,2017/01/25,2025,1,11:48:49,ST004,FUR027,5,700,3500,1009
ORD0356,2020/11/24,2024,11,19:46:39,ST007,FUR027,4,700,2800,1021
ORD0828,2004/03/25,2025,3,9:48:10,ST007,FUR027,1,700,700,1021
ORD0040,2016/05/25,2025,5,14:59:48,ST008,FUR027,2,300,600,1015
ORD0953,2016/09/25,2025,9,1:25:21,ST009,FUR027,1,700,700,1022
ORD0881,2029/09/24,2024,9,4:42:06,ST010,FUR027,2,700,1400,1023
ORD0790,2022/05/25,2025,5,7:57:41,ST010,FUR027,2,700,1400,1023
ORD0567,2020/02/25,2025,2,22:42:11,ST011,FUR027,4,700,2800,1010
ORD0131,1930/04/25,2025,4,9:25:35,ST011,FUR027,2,700,1400,1010
ORD0387,2007/06/25,2025,6,11:25:02,ST013,FUR027,3,700,2100,1008
ORD1159,2009/08/25,2025,8,20:16:35,ST013,FUR027,4,700,2800,1008
ORD0634,2023/08/25,2025,8,23:35:10,ST017,FUR027,3,700,2100,1039
ORD0080,2003/10/24,2024,10,17:25:23,ST019,FUR027,1,700,700,1035
ORD0048,2001/06/25,2025,6,20:28:35,ST019,FUR027,4,300,1200,1034
ORD0741,2020/10/24,2024,10,7:35:42,ST020,FUR027,4,700,2800,1003
ORD1006,2019/03/25,2025,3,13:26:31,ST020,FUR027,1,700,700,1003
ORD1138,2015/04/25,2025,4,1:31:07,ST022,FUR027,5,700,3500,1001
ORD0092,2013/01/25,2025,1,3:27:18,ST031,FUR027,2,700,1400,1033
ORD1149,2024/01/25,2025,1,2:09:28,ST031,FUR027,5,700,3500,1032
ORD0007,2019/06/25,2025,6,5:02:41,ST031,FUR027,1,700,700,1032
ORD0275,2008/10/24,2024,10,14:21:20,ST006,FUR028,3,120,360,1020
ORD0825,2024/07/25,2025,7,6:44:56,ST013,FUR028,5,120,600,1007
ORD0884,2012/08/25,2025,8,11:18:39,ST015,FUR028,2,120,240,1011
ORD1124,2002/08/25,2025,8,13:13:05,ST016,FUR028,4,120,480,1024
ORD0065,2026/07/25,2025,7,9:20:11,ST020,FUR028,2,120,240,1003
ORD1087,2016/10/24,2024,10,2:07:23,ST023,FUR028,5,120,600,1026
ORD0104,2022/12/24,2024,12,5:06:00,ST028,FUR028,5,120,600,1030
ORD0633,2026/02/25,2025,2,1:18:24,ST028,FUR028,4,120,480,1030
ORD1090,2022/02/25,2025,2,7:24:33,ST004,FUR029,4,400,1600,1009
ORD0673,2009/08/25,2025,8,1:22:03,ST004,FUR029,1,400,400,1009
ORD0968,2023/02/25,2025,2,8:12:14,ST015,FUR029,5,400,2000,1011
ORD0167,2027/10/24,2024,10,16:30:10,ST022,FUR029,5,400,2000,1001
ORD0537,2020/01/25,2025,1,16:59:27,ST022,FUR029,4,400,1600,1001
ORD1032,2025/09/25,2025,9,1:54:02,ST022,FUR029,1,400,400,1002
ORD1072,2023/04/25,2025,4,22:59:56,ST004,FUR030,4,450,1800,1009
ORD0823,2005/10/24,2024,10,21:55:56,ST011,FUR030,1,450,450,1010
ORD0681,2011/06/25,2025,6,15:22:37,ST011,FUR030,3,450,1350,1010
ORD1282,2003/09/25,2025,9,16:54:15,ST011,FUR030,3,450,1350,1010
ORD0355,2006/11/24,2024,11,6:37:52,ST013,FUR030,3,450,1350,1007
ORD1151,2015/03/25,2025,3,14:54:09,ST013,FUR030,2,450,900,1008
ORD1049,2003/06/25,2025,6,5:28:04,ST013,FUR030,3,450,1350,1008
ORD0287,2024/01/25,2025,1,22:11:02,ST022,FUR030,3,450,1350,1001
ORD0288,2027/08/25,2025,8,10:33:13,ST022,FUR030,1,450,450,1002
ORD0861,2028/09/25,2025,9,22:41:41,ST031,FUR030,5,450,2250,1032
ORD1051,2029/05/25,2025,5,11:47:32,ST003,FUR031,4,480,1920,1017
ORD1230,2002/06/25,2025,6,5:51:19,ST003,FUR031,2,480,960,1017
ORD0128,2005/05/25,2025,5,18:05:54,ST004,FUR031,1,480,480,1009
ORD0765,2023/07/25,2025,7,5:12:06,ST009,FUR031,5,480,2400,1022
ORD0434,2028/06/25,2025,6,18:14:59,ST016,FUR031,5,480,2400,1024
ORD0564,2011/03/25,2025,3,3:07:37,ST020,FUR031,3,480,1440,1003
ORD0435,2018/08/25,2025,8,4:35:20,ST020,FUR031,5,480,2400,1004
ORD0474,2003/04/25,2025,4,1:22:11,ST022,FUR031,2,480,960,1001
ORD1103,2025/03/25,2025,3,12:22:13,ST003,FUR032,3,850,2550,1017
ORD0327,2024/04/25,2025,4,9:41:38,ST004,FUR032,2,850,1700,1009
ORD0339,1931/05/25,2025,5,10:54:17,ST007,FUR032,1,850,850,1021
ORD0792,2009/06/25,2025,6,0:07:32,ST007,FUR032,4,850,3400,1021
ORD0501,2008/01/25,2025,1,23:49:26,ST008,FUR032,2,95,190,1015
ORD0119,2003/08/25,2025,8,5:24:24,ST013,FUR032,5,850,4250,1008
ORD0046,1930/01/25,2025,1,15:12:42,ST022,FUR032,4,850,3400,1001
ORD1123,2015/06/25,2025,6,22:47:52,ST023,FUR032,3,850,2550,1026
ORD0471,2004/05/25,2025,5,15:57:55,ST029,FUR032,4,600,2400,1016
ORD1069,2025/04/25,2025,4,19:04:19,ST031,FUR032,5,850,4250,1032
ORD1146,2019/10/24,2024,10,4:29:34,ST002,FUR033,3,750,2250,1013
ORD1144,2003/10/24,2024,10,8:21:42,ST003,FUR033,5,750,3750,1017
ORD0774,2013/05/25,2025,5,5:20:56,ST003,FUR033,5,750,3750,1017
ORD0443,2010/01/25,2025,1,18:18:29,ST004,FUR033,5,750,3750,1009
ORD1095,2009/07/25,2025,7,8:46:35,ST011,FUR033,2,750,1500,1010
ORD0062,2005/04/25,2025,4,19:41:03,ST013,FUR033,2,750,1500,1007
ORD0760,2019/10/24,2024,10,17:34:32,ST014,FUR033,4,750,3000,1036
ORD0796,2006/07/25,2025,7,6:37:24,ST015,FUR033,3,750,2250,1011
ORD0084,2005/06/25,2025,6,8:15:02,ST019,FUR033,4,160,640,1035
ORD0649,2003/01/25,2025,1,15:22:30,ST020,FUR033,2,750,1500,1003
ORD0984,2011/01/25,2025,1,20:31:58,ST020,FUR033,1,750,750,1003
ORD1137,2003/12/24,2024,12,3:23:16,ST022,FUR033,5,750,3750,1001
ORD0800,2012/08/25,2025,8,4:23:45,ST026,FUR033,3,750,2250,1028
ORD1117,2014/06/25,2025,6,13:08:27,ST029,FUR033,1,14,14,1016
ORD1197,2019/01/25,2025,1,11:28:39,ST004,FUR034,3,140,420,1009
ORD0393,2015/09/25,2025,9,18:45:05,ST004,FUR034,3,140,420,1009
ORD0349,2026/04/25,2025,4,2:34:27,ST011,FUR034,2,140,280,1010
ORD0746,2004/06/25,2025,6,8:27:21,ST011,FUR034,5,140,700,1010
ORD0278,2019/07/25,2025,7,9:04:07,ST011,FUR034,2,140,280,1010
ORD0450,2003/09/25,2025,9,14:25:11,ST020,FUR034,1,140,140,1004
ORD0764,2019/12/24,2024,12,17:21:48,ST021,FUR034,1,140,140,1025
ORD0161,2019/05/25,2025,5,20:49:21,ST022,FUR034,1,140,140,1001
ORD0222,2001/08/25,2025,8,22:04:12,ST022,FUR034,4,140,560,1001
ORD0920,2009/01/25,2025,1,2:16:34,ST031,FUR034,4,140,560,1031
ORD0951,2024/02/25,2025,2,8:31:43,ST031,FUR034,3,140,420,1032
ORD0786,2016/04/25,2025,4,22:19:14,ST002,FUR035,3,260,780,1013
ORD0121,2014/12/24,2024,12,2:09:51,ST011,FUR035,4,260,1040,1010
ORD0603,2012/06/25,2025,6,1:51:08,ST011,FUR035,3,260,780,1010
ORD1246,2019/09/25,2025,9,20:52:12,ST011,FUR035,4,260,1040,1010
ORD0103,2007/06/25,2025,6,4:02:53,ST013,FUR035,4,260,1040,1007
ORD0535,2003/08/25,2025,8,23:40:02,ST013,FUR035,4,260,1040,1008
ORD0772,2015/10/24,2024,10,6:08:38,ST015,FUR035,5,260,1300,1011
ORD1041,2003/12/24,2024,12,13:39:10,ST015,FUR035,3,260,780,1011
ORD0310,2010/09/25,2025,9,18:30:36,ST015,FUR035,5,260,1300,1011
ORD0670,2016/12/24,2024,12,19:17:33,ST020,FUR035,2,260,520,1003
ORD0377,2018/02/25,2025,2,23:36:41,ST020,FUR035,3,260,780,1003
ORD0057,2002/10/24,2024,10,12:15:31,ST022,FUR035,4,260,1040,1002
ORD1231,2009/07/25,2025,7,3:24:06,ST031,FUR035,3,260,780,1032
ORD0095,2006/02/25,2025,2,17:42:44,ST004,FUR036,5,200,1000,1009
ORD1080,2019/08/25,2025,8,14:07:40,ST009,FUR036,3,200,600,1022
ORD0959,2010/02/25,2025,2,1:06:14,ST011,FUR036,3,200,600,1010
ORD0116,2004/04/25,2025,4,0:20:49,ST012,FUR036,5,200,1000,1040
ORD0923,2003/10/24,2024,10,7:45:35,ST015,FUR036,1,200,200,1011
ORD0093,2021/01/25,2025,1,14:35:27,ST015,FUR036,5,200,1000,1011
ORD0713,2019/12/24,2024,12,8:30:24,ST020,FUR036,1,200,200,1003
ORD0934,2029/07/25,2025,7,23:25:24,ST022,FUR036,3,200,600,1001
ORD1139,2011/06/25,2025,6,5:55:17,ST031,FUR036,4,200,800,1033
ORD0408,2023/11/24,2024,11,9:37:41,ST003,FUR037,3,680,2040,1017
ORD0732,2009/11/24,2024,11,13:56:54,ST004,FUR037,2,680,1360,1009
ORD0749,2017/12/24,2024,12,18:44:16,ST007,FUR037,2,680,1360,1021
ORD0152,2023/05/25,2025,5,6:19:26,ST013,FUR037,4,680,2720,1007
ORD1002,2003/10/24,2024,10,4:18:07,ST015,FUR037,2,680,1360,1012
ORD0424,2028/03/25,2025,3,0:52:43,ST018,FUR037,2,680,1360,1014
ORD0108,2005/03/25,2025,3,9:55:42,ST022,FUR037,2,680,1360,1002
ORD0479,2025/12/24,2024,12,11:25:23,ST003,FUR038,1,110,110,1017
ORD0895,2006/09/25,2025,9,22:37:21,ST003,FUR038,1,110,110,1018
ORD0207,2002/09/25,2025,9,21:13:39,ST010,FUR038,2,110,220,1023
ORD0999,2013/02/25,2025,2,7:14:18,ST011,FUR038,3,110,330,1010
ORD0854,2004/08/25,2025,8,10:53:48,ST011,FUR038,2,110,220,1010
ORD1040,2027/11/24,2024,11,13:53:36,ST013,FUR038,4,110,440,1008
ORD0417,1930/03/25,2025,3,13:33:29,ST013,FUR038,4,110,440,1008
ORD0324,2028/06/25,2025,6,3:14:21,ST022,FUR038,3,110,330,1002
ORD0620,2029/09/24,2024,9,11:46:05,ST003,FUR039,2,900,1800,1017
ORD0365,2004/02/25,2025,2,20:10:44,ST003,FUR039,5,900,4500,1018
ORD0383,2027/07/25,2025,7,14:52:14,ST003,FUR039,5,900,4500,1017
ORD0328,2018/03/25,2025,3,12:06:44,ST004,FUR039,1,900,900,1009
ORD0751,2028/08/25,2025,8,23:21:45,ST004,FUR039,5,900,4500,1009
ORD1147,2010/06/25,2025,6,18:06:34,ST006,FUR039,2,900,1800,1020
ORD1054,1930/09/24,2024,9,1:42:14,ST009,FUR039,2,900,1800,1022
ORD0688,2015/01/25,2025,1,0:48:24,ST009,FUR039,5,900,4500,1022
ORD1281,2007/05/25,2025,5,4:37:09,ST011,FUR039,5,900,4500,1010
ORD0941,2026/09/25,2025,9,7:12:50,ST011,FUR039,1,900,900,1010
ORD1120,2021/07/25,2025,7,7:29:42,ST013,FUR039,2,900,1800,1008
ORD0507,2029/12/24,2024,12,15:13:36,ST015,FUR039,4,900,3600,1011
ORD0127,2014/03/25,2025,3,11:47:32,ST015,FUR039,3,900,2700,1011
ORD1214,2019/03/25,2025,3,19:52:46,ST015,FUR039,4,900,3600,1011
ORD0078,2003/07/25,2025,7,16:03:34,ST018,FUR039,3,900,2700,1014
ORD0755,2025/10/24,2024,10,11:05:40,ST020,FUR039,4,900,3600,1003
ORD0569,2003/09/25,2025,9,0:57:10,ST022,FUR039,3,900,2700,1001
ORD1157,2029/01/25,2025,1,21:57:56,ST030,FUR039,3,900,2700,1038
ORD0489,2018/01/25,2025,1,19:17:25,ST003,FUR040,4,380,1520,1017
ORD0259,2019/05/25,2025,5,16:03:09,ST003,FUR040,1,380,380,1017
ORD0404,2011/11/24,2024,11,0:43:28,ST004,FUR040,3,380,1140,1009
ORD0803,2012/02/25,2025,2,15:58:12,ST004,FUR040,5,380,1900,1009
ORD0757,2029/09/24,2024,9,11:33:25,ST007,FUR040,1,380,380,1021
ORD0867,2020/06/25,2025,6,1:53:52,ST015,FUR040,1,380,380,1011
ORD0877,2017/11/24,2024,11,20:16:18,ST017,FUR040,3,380,1140,1039
ORD0588,2018/07/25,2025,7,15:35:10,ST021,FUR040,5,380,1900,1025
ORD0169,2021/04/25,2025,4,0:34:16,ST022,FUR040,5,380,1900,1001
ORD0494,2027/09/25,2025,9,10:13:12,ST022,FUR040,1,380,380,1001
ORD0980,2025/04/25,2025,4,2:18:56,ST028,FUR040,1,380,380,1030
ORD1099,2024/08/25,2025,8,12:10:11,ST031,FUR040,3,380,1140,1031
